Forecasted On,Date,Store ID,Product ID,Category,Region,Price,Discount,Weather Condition,Holiday/Promotion,Competitor Pricing,Seasonality,Demand Forecast
26/12/23,27/12/23,S001,P0096,Toys,East,85.5,0,Snowy,0,87.58,Winter,24.7
26/12/23,27/12/23,S001,P0016,Clothing,East,96.26,10,Cloudy,0,97.58,Winter,19.44
26/12/23,27/12/23,S001,P0031,Electronics,East,112.32,5,Snowy,1,115.9,Winter,28.89
26/12/23,27/12/23,S001,P0159,Electronics,East,87.01,0,Cloudy,0,86.96,Winter,27.53
26/12/23,27/12/23,S001,P0129,Furniture,East,119.23,15,Snowy,0,118.53,Winter,16.84
26/12/23,27/12/23,S001,P0116,Furniture,East,112.6,5,Cloudy,1,108.56,Winter,24.82
26/12/23,27/12/23,S001,P0070,Electronics,East,165.8,10,Snowy,0,166.67,Winter,14.61
26/12/23,27/12/23,S001,P0171,Electronics,East,155.67,15,Snowy,0,161.35,Winter,13.4
26/12/23,27/12/23,S001,P0175,Electronics,East,123.25,0,Cloudy,0,126.06,Winter,17.95
26/12/23,27/12/23,S001,P0046,Clothing,East,144.66,15,Sunny,0,149.29,Winter,13.13
26/12/23,27/12/23,S001,P0067,Furniture,East,85.77,0,Rainy,0,88.73,Winter,23.9
26/12/23,27/12/23,S001,P0183,Electronics,East,69.52,0,Cloudy,0,69.21,Winter,31.0
26/12/23,27/12/23,S001,P0166,Groceries,East,86.17,0,Snowy,0,85.72,Winter,23.45
26/12/23,27/12/23,S001,P0079,Furniture,East,109.54,20,Rainy,0,107.55,Winter,18.16
26/12/23,27/12/23,S001,P0187,Clothing,East,142.25,10,Rainy,0,142.99,Winter,13.42
26/12/23,27/12/23,S001,P0178,Clothing,East,124.6,15,Cloudy,0,124.18,Winter,14.58
26/12/23,27/12/23,S001,P0057,Clothing,East,124.26,20,Cloudy,0,119.61,Winter,14.72
26/12/23,27/12/23,S001,P0153,Furniture,East,75.65,0,Sunny,0,74.41,Winter,24.96
26/12/23,27/12/23,S001,P0083,Toys,East,107.34,5,Sunny,0,103.31,Winter,17.38
26/12/23,27/12/23,S001,P0069,Clothing,East,197.37,10,Rainy,0,193.93,Winter,11.65
26/12/23,27/12/23,S001,P0125,Clothing,East,121.57,5,Snowy,0,126.89,Winter,16.45
26/12/23,27/12/23,S001,P0017,Toys,East,113.84,10,Snowy,1,118.26,Winter,23.43
26/12/23,27/12/23,S001,P0149,Furniture,East,135.84,10,Sunny,0,130.73,Winter,14.06
26/12/23,27/12/23,S001,P0094,Groceries,East,164.73,0,Rainy,1,159.73,Winter,15.12
26/12/23,27/12/23,S001,P0066,Clothing,East,137.39,5,Snowy,1,131.32,Winter,17.68
26/12/23,27/12/23,S001,P0061,Clothing,East,165.74,10,Cloudy,1,171.01,Winter,13.06
26/12/23,27/12/23,S001,P0085,Electronics,East,130.11,0,Sunny,1,127.39,Winter,24.6
26/12/23,27/12/23,S001,P0068,Electronics,East,119.15,15,Snowy,0,123.11,Winter,19.49
26/12/23,27/12/23,S001,P0126,Clothing,East,192.43,20,Sunny,0,192.41,Winter,9.08
26/12/23,27/12/23,S001,P0133,Clothing,East,199.31,20,Snowy,0,206.17,Winter,10.59
26/12/23,27/12/23,S002,P0096,Toys,West,81.95,5,Sunny,0,83.45,Winter,21.29
26/12/23,27/12/23,S002,P0016,Clothing,West,89.25,20,Sunny,0,88.35,Winter,20.07
26/12/23,27/12/23,S002,P0031,Electronics,West,116.54,15,Sunny,1,119.07,Winter,23.97
26/12/23,27/12/23,S002,P0159,Electronics,West,87.91,5,Rainy,0,90.77,Winter,29.05
26/12/23,27/12/23,S002,P0129,Furniture,West,115.98,0,Rainy,0,115.27,Winter,14.65
26/12/23,27/12/23,S002,P0116,Furniture,West,110.57,0,Snowy,1,107.9,Winter,21.72
26/12/23,27/12/23,S002,P0070,Electronics,West,161.65,0,Sunny,0,164.28,Winter,15.59
26/12/23,27/12/23,S002,P0171,Electronics,West,157.38,0,Sunny,0,159.01,Winter,14.49
26/12/23,27/12/23,S002,P0175,Electronics,West,117.78,15,Rainy,0,116.56,Winter,20.81
26/12/23,27/12/23,S002,P0046,Clothing,West,140.09,15,Cloudy,0,141.34,Winter,14.25
26/12/23,27/12/23,S002,P0067,Furniture,West,91.96,0,Sunny,0,93.25,Winter,22.42
26/12/23,27/12/23,S002,P0183,Electronics,West,72.93,0,Rainy,0,71.94,Winter,36.2
26/12/23,27/12/23,S002,P0166,Groceries,West,83.62,0,Sunny,0,83.49,Winter,23.13
26/12/23,27/12/23,S002,P0079,Furniture,West,103.97,10,Rainy,0,105.83,Winter,19.53
26/12/23,27/12/23,S002,P0187,Clothing,West,150.33,5,Cloudy,1,145.02,Winter,15.48
26/12/23,27/12/23,S002,P0178,Clothing,West,119.8,20,Cloudy,0,120.28,Winter,16.41
26/12/23,27/12/23,S002,P0057,Clothing,West,124.84,10,Rainy,0,123.11,Winter,19.01
26/12/23,27/12/23,S002,P0153,Furniture,West,78.12,15,Cloudy,0,81.82,Winter,28.39
26/12/23,27/12/23,S002,P0083,Toys,West,114.1,5,Snowy,1,113.02,Winter,25.72
26/12/23,27/12/23,S002,P0069,Clothing,West,200.44,20,Cloudy,0,202.86,Winter,9.82
26/12/23,27/12/23,S002,P0125,Clothing,West,130.96,20,Rainy,0,128.44,Winter,17.04
26/12/23,27/12/23,S002,P0017,Toys,West,106.06,20,Rainy,0,105.71,Winter,19.74
26/12/23,27/12/23,S002,P0149,Furniture,West,137.34,0,Cloudy,0,139.8,Winter,14.74
26/12/23,27/12/23,S002,P0094,Groceries,West,160.79,10,Snowy,0,158.74,Winter,12.32
26/12/23,27/12/23,S002,P0066,Clothing,West,139.61,20,Cloudy,0,135.21,Winter,13.94
26/12/23,27/12/23,S002,P0061,Clothing,West,167.03,5,Sunny,1,163.55,Winter,15.41
26/12/23,27/12/23,S002,P0085,Electronics,West,135.12,15,Sunny,0,138.1,Winter,17.05
26/12/23,27/12/23,S002,P0068,Electronics,West,125.48,15,Rainy,1,119.24,Winter,22.53
26/12/23,27/12/23,S002,P0126,Clothing,West,181.81,20,Snowy,0,173.51,Winter,10.3
26/12/23,27/12/23,S002,P0133,Clothing,West,194.56,10,Rainy,0,194.95,Winter,10.5
26/12/23,27/12/23,S003,P0096,Toys,North,88.12,15,Rainy,0,85.48,Winter,23.28
26/12/23,27/12/23,S003,P0016,Clothing,North,96.7,15,Snowy,0,92.98,Winter,20.22
26/12/23,27/12/23,S003,P0031,Electronics,North,113.68,20,Cloudy,0,110.76,Winter,22.29
26/12/23,27/12/23,S003,P0159,Electronics,North,87.12,10,Sunny,0,88.44,Winter,27.99
26/12/23,27/12/23,S003,P0129,Furniture,North,125.01,20,Cloudy,0,129.89,Winter,15.56
26/12/23,27/12/23,S003,P0116,Furniture,North,105.11,10,Cloudy,1,101.61,Winter,22.01
26/12/23,27/12/23,S003,P0070,Electronics,North,152.5,15,Sunny,0,145.64,Winter,14.01
26/12/23,27/12/23,S003,P0171,Electronics,North,153.33,20,Cloudy,0,159.87,Winter,15.73
26/12/23,27/12/23,S003,P0175,Electronics,North,125.83,5,Rainy,0,125.84,Winter,19.2
26/12/23,27/12/23,S003,P0046,Clothing,North,140.11,5,Sunny,0,140.16,Winter,14.62
26/12/23,27/12/23,S003,P0067,Furniture,North,91.75,15,Cloudy,0,91.47,Winter,23.96
26/12/23,27/12/23,S003,P0183,Electronics,North,71.8,15,Cloudy,1,71.8,Winter,40.11
26/12/23,27/12/23,S003,P0166,Groceries,North,89.15,20,Cloudy,1,90.56,Winter,31.86
26/12/23,27/12/23,S003,P0079,Furniture,North,107.03,15,Cloudy,0,104.57,Winter,18.82
26/12/23,27/12/23,S003,P0187,Clothing,North,138.04,5,Rainy,0,133.35,Winter,14.01
26/12/23,27/12/23,S003,P0178,Clothing,North,117.35,15,Snowy,0,119.08,Winter,16.39
26/12/23,27/12/23,S003,P0057,Clothing,North,120.8,0,Snowy,0,116.66,Winter,15.27
26/12/23,27/12/23,S003,P0153,Furniture,North,72.68,20,Rainy,0,72.92,Winter,27.16
26/12/23,27/12/23,S003,P0083,Toys,North,114.16,10,Rainy,0,116.84,Winter,18.61
26/12/23,27/12/23,S003,P0069,Clothing,North,208.43,0,Cloudy,0,199.72,Winter,9.26
26/12/23,27/12/23,S003,P0125,Clothing,North,126.29,15,Snowy,0,131.15,Winter,14.57
26/12/23,27/12/23,S003,P0017,Toys,North,108.56,0,Snowy,1,110.98,Winter,25.31
26/12/23,27/12/23,S003,P0149,Furniture,North,140.97,5,Sunny,0,138.24,Winter,13.37
26/12/23,27/12/23,S003,P0094,Groceries,North,165.09,15,Rainy,0,159.71,Winter,12.4
26/12/23,27/12/23,S003,P0066,Clothing,North,140.27,5,Cloudy,1,138.41,Winter,19.46
26/12/23,27/12/23,S003,P0061,Clothing,North,168.29,15,Sunny,0,160.74,Winter,11.19
26/12/23,27/12/23,S003,P0085,Electronics,North,128.05,15,Sunny,0,128.19,Winter,18.77
26/12/23,27/12/23,S003,P0068,Electronics,North,121.9,10,Cloudy,0,126.37,Winter,18.44
26/12/23,27/12/23,S003,P0126,Clothing,North,180.76,10,Rainy,0,188.49,Winter,12.04
26/12/23,27/12/23,S003,P0133,Clothing,North,194.23,5,Sunny,0,202.96,Winter,9.02
26/12/23,27/12/23,S004,P0096,Toys,South,80.85,20,Sunny,0,81.43,Winter,23.54
26/12/23,27/12/23,S004,P0016,Clothing,South,88.46,20,Rainy,1,89.96,Winter,28.49
26/12/23,27/12/23,S004,P0031,Electronics,South,112.63,0,Rainy,0,116.97,Winter,20.12
26/12/23,27/12/23,S004,P0159,Electronics,South,87.06,0,Cloudy,0,83.37,Winter,26.63
26/12/23,27/12/23,S004,P0129,Furniture,South,117.81,15,Snowy,0,113.0,Winter,15.0
26/12/23,27/12/23,S004,P0116,Furniture,South,112.68,20,Rainy,1,117.6,Winter,23.56
26/12/23,27/12/23,S004,P0070,Electronics,South,158.78,20,Sunny,0,164.67,Winter,14.01
26/12/23,27/12/23,S004,P0171,Electronics,South,160.52,15,Cloudy,0,164.67,Winter,15.16
26/12/23,27/12/23,S004,P0175,Electronics,South,115.24,5,Snowy,0,119.3,Winter,19.19
26/12/23,27/12/23,S004,P0046,Clothing,South,138.6,15,Sunny,0,142.96,Winter,14.34
26/12/23,27/12/23,S004,P0067,Furniture,South,94.0,0,Rainy,0,95.5,Winter,22.26
26/12/23,27/12/23,S004,P0183,Electronics,South,69.33,0,Rainy,0,69.3,Winter,32.75
26/12/23,27/12/23,S004,P0166,Groceries,South,85.53,5,Rainy,1,81.58,Winter,31.63
26/12/23,27/12/23,S004,P0079,Furniture,South,105.59,5,Rainy,0,107.52,Winter,20.78
26/12/23,27/12/23,S004,P0187,Clothing,South,143.2,20,Snowy,1,147.15,Winter,15.42
26/12/23,27/12/23,S004,P0178,Clothing,South,121.68,15,Sunny,0,121.04,Winter,16.76
26/12/23,27/12/23,S004,P0057,Clothing,South,128.44,20,Cloudy,1,126.75,Winter,20.49
26/12/23,27/12/23,S004,P0153,Furniture,South,75.82,5,Cloudy,1,79.52,Winter,36.73
26/12/23,27/12/23,S004,P0083,Toys,South,112.19,10,Sunny,0,111.14,Winter,17.82
26/12/23,27/12/23,S004,P0069,Clothing,South,200.55,5,Cloudy,0,201.49,Winter,9.36
26/12/23,27/12/23,S004,P0125,Clothing,South,125.41,5,Sunny,0,119.42,Winter,17.27
26/12/23,27/12/23,S004,P0017,Toys,South,111.16,20,Cloudy,0,107.85,Winter,17.15
26/12/23,27/12/23,S004,P0149,Furniture,South,135.09,15,Rainy,0,136.61,Winter,15.22
26/12/23,27/12/23,S004,P0094,Groceries,South,152.68,10,Rainy,0,159.37,Winter,12.09
26/12/23,27/12/23,S004,P0066,Clothing,South,137.84,20,Snowy,0,133.19,Winter,14.76
26/12/23,27/12/23,S004,P0061,Clothing,South,162.63,10,Rainy,0,156.77,Winter,12.08
26/12/23,27/12/23,S004,P0085,Electronics,South,135.83,10,Cloudy,0,135.64,Winter,18.85
26/12/23,27/12/23,S004,P0068,Electronics,South,122.64,20,Snowy,0,124.34,Winter,20.13
26/12/23,27/12/23,S004,P0126,Clothing,South,188.32,0,Snowy,0,186.77,Winter,9.22
26/12/23,27/12/23,S004,P0133,Clothing,South,193.16,20,Snowy,0,184.21,Winter,10.8
26/12/23,27/12/23,S005,P0096,Toys,West,87.6,0,Rainy,0,84.31,Winter,24.59
26/12/23,27/12/23,S005,P0016,Clothing,West,95.78,20,Snowy,0,97.29,Winter,21.09
26/12/23,27/12/23,S005,P0031,Electronics,West,112.52,10,Snowy,0,114.47,Winter,21.32
26/12/23,27/12/23,S005,P0159,Electronics,West,84.11,5,Rainy,1,85.32,Winter,39.27
26/12/23,27/12/23,S005,P0129,Furniture,West,124.85,20,Snowy,0,125.14,Winter,16.99
26/12/23,27/12/23,S005,P0116,Furniture,West,112.83,10,Sunny,0,114.1,Winter,18.7
26/12/23,27/12/23,S005,P0070,Electronics,West,158.32,10,Snowy,0,155.57,Winter,14.1
26/12/23,27/12/23,S005,P0171,Electronics,West,164.11,20,Cloudy,0,169.65,Winter,14.12
26/12/23,27/12/23,S005,P0175,Electronics,West,119.15,10,Sunny,0,124.19,Winter,19.74
26/12/23,27/12/23,S005,P0046,Clothing,West,135.94,15,Sunny,0,133.95,Winter,14.2
26/12/23,27/12/23,S005,P0067,Furniture,West,88.97,10,Cloudy,1,88.37,Winter,26.66
26/12/23,27/12/23,S005,P0183,Electronics,West,68.41,10,Snowy,0,68.05,Winter,33.97
26/12/23,27/12/23,S005,P0166,Groceries,West,88.06,20,Cloudy,0,86.59,Winter,25.26
26/12/23,27/12/23,S005,P0079,Furniture,West,107.15,0,Cloudy,0,102.35,Winter,17.56
26/12/23,27/12/23,S005,P0187,Clothing,West,141.13,5,Rainy,0,137.23,Winter,13.13
26/12/23,27/12/23,S005,P0178,Clothing,West,116.82,5,Sunny,0,120.32,Winter,16.61
26/12/23,27/12/23,S005,P0057,Clothing,West,129.12,0,Sunny,0,132.38,Winter,17.51
26/12/23,27/12/23,S005,P0153,Furniture,West,72.4,20,Cloudy,0,70.96,Winter,25.42
26/12/23,27/12/23,S005,P0083,Toys,West,106.01,10,Rainy,0,108.82,Winter,19.63
26/12/23,27/12/23,S005,P0069,Clothing,West,197.69,0,Snowy,0,198.47,Winter,9.89
26/12/23,27/12/23,S005,P0125,Clothing,West,120.15,15,Snowy,0,119.41,Winter,15.51
26/12/23,27/12/23,S005,P0017,Toys,West,105.92,10,Cloudy,1,102.77,Winter,24.15
26/12/23,27/12/23,S005,P0149,Furniture,West,136.71,15,Cloudy,0,138.86,Winter,13.61
26/12/23,27/12/23,S005,P0094,Groceries,West,156.8,0,Rainy,0,151.16,Winter,11.2
26/12/23,27/12/23,S005,P0066,Clothing,West,139.51,15,Rainy,0,134.06,Winter,14.72
26/12/23,27/12/23,S005,P0061,Clothing,West,162.17,10,Sunny,0,154.08,Winter,10.98
26/12/23,27/12/23,S005,P0085,Electronics,West,129.01,10,Cloudy,0,134.28,Winter,18.04
26/12/23,27/12/23,S005,P0068,Electronics,West,125.92,20,Cloudy,0,124.01,Winter,20.23
26/12/23,27/12/23,S005,P0126,Clothing,West,191.45,5,Rainy,0,191.65,Winter,11.08
26/12/23,27/12/23,S005,P0133,Clothing,West,192.0,20,Cloudy,0,183.76,Winter,10.73
26/12/23,28/12/23,S001,P0096,Toys,East,88.68,0,Sunny,0,90.23,Winter,21.66
26/12/23,28/12/23,S001,P0016,Clothing,East,91.88,5,Snowy,0,96.41,Winter,20.93
26/12/23,28/12/23,S001,P0031,Electronics,East,118.68,10,Sunny,0,115.48,Winter,18.5
26/12/23,28/12/23,S001,P0159,Electronics,East,85.49,20,Rainy,0,85.06,Winter,29.01
26/12/23,28/12/23,S001,P0129,Furniture,East,117.71,20,Snowy,0,119.08,Winter,14.53
26/12/23,28/12/23,S001,P0116,Furniture,East,105.15,10,Snowy,0,101.52,Winter,19.32
26/12/23,28/12/23,S001,P0070,Electronics,East,156.5,0,Snowy,1,152.75,Winter,18.2
26/12/23,28/12/23,S001,P0171,Electronics,East,167.79,5,Cloudy,0,167.97,Winter,14.23
26/12/23,28/12/23,S001,P0175,Electronics,East,118.38,5,Cloudy,0,114.52,Winter,18.14
26/12/23,28/12/23,S001,P0046,Clothing,East,138.41,0,Snowy,1,139.94,Winter,19.73
26/12/23,28/12/23,S001,P0067,Furniture,East,87.57,0,Rainy,1,85.24,Winter,31.25
26/12/23,28/12/23,S001,P0183,Electronics,East,71.51,15,Rainy,0,73.08,Winter,34.36
26/12/23,28/12/23,S001,P0166,Groceries,East,84.07,0,Rainy,1,84.71,Winter,32.5
26/12/23,28/12/23,S001,P0079,Furniture,East,104.13,5,Sunny,0,107.96,Winter,17.21
26/12/23,28/12/23,S001,P0187,Clothing,East,138.55,0,Sunny,0,134.65,Winter,11.9
26/12/23,28/12/23,S001,P0178,Clothing,East,117.7,5,Snowy,0,116.41,Winter,15.24
26/12/23,28/12/23,S001,P0057,Clothing,East,127.52,0,Cloudy,1,133.22,Winter,20.35
26/12/23,28/12/23,S001,P0153,Furniture,East,76.89,10,Sunny,0,79.67,Winter,28.0
26/12/23,28/12/23,S001,P0083,Toys,East,112.74,20,Cloudy,0,109.26,Winter,16.83
26/12/23,28/12/23,S001,P0069,Clothing,East,191.72,5,Cloudy,0,188.14,Winter,9.75
26/12/23,28/12/23,S001,P0125,Clothing,East,129.54,0,Sunny,0,125.01,Winter,16.86
26/12/23,28/12/23,S001,P0017,Toys,East,109.38,15,Rainy,1,107.85,Winter,23.67
26/12/23,28/12/23,S001,P0149,Furniture,East,137.34,20,Cloudy,1,132.7,Winter,19.11
26/12/23,28/12/23,S001,P0094,Groceries,East,157.86,0,Rainy,0,164.69,Winter,11.55
26/12/23,28/12/23,S001,P0066,Clothing,East,141.55,15,Cloudy,1,141.55,Winter,17.14
26/12/23,28/12/23,S001,P0061,Clothing,East,176.16,10,Rainy,0,176.31,Winter,11.16
26/12/23,28/12/23,S001,P0085,Electronics,East,134.68,10,Cloudy,1,134.7,Winter,24.8
26/12/23,28/12/23,S001,P0068,Electronics,East,128.82,10,Snowy,1,123.69,Winter,26.55
26/12/23,28/12/23,S001,P0126,Clothing,East,180.8,20,Sunny,0,187.44,Winter,10.38
26/12/23,28/12/23,S001,P0133,Clothing,East,197.48,10,Cloudy,0,206.0,Winter,9.88
26/12/23,28/12/23,S002,P0096,Toys,West,83.09,20,Rainy,0,79.32,Winter,24.66
26/12/23,28/12/23,S002,P0016,Clothing,West,97.05,0,Snowy,0,93.13,Winter,22.04
26/12/23,28/12/23,S002,P0031,Electronics,West,118.52,0,Cloudy,0,114.88,Winter,20.66
26/12/23,28/12/23,S002,P0159,Electronics,West,87.73,10,Cloudy,1,86.19,Winter,33.53
26/12/23,28/12/23,S002,P0129,Furniture,West,118.85,10,Snowy,1,122.54,Winter,20.98
26/12/23,28/12/23,S002,P0116,Furniture,West,110.75,20,Cloudy,0,106.62,Winter,18.92
26/12/23,28/12/23,S002,P0070,Electronics,West,163.27,10,Cloudy,0,169.78,Winter,15.51
26/12/23,28/12/23,S002,P0171,Electronics,West,163.96,15,Cloudy,0,163.5,Winter,13.79
26/12/23,28/12/23,S002,P0175,Electronics,West,116.95,20,Cloudy,0,122.25,Winter,17.34
26/12/23,28/12/23,S002,P0046,Clothing,West,135.49,0,Rainy,0,135.25,Winter,14.89
26/12/23,28/12/23,S002,P0067,Furniture,West,90.11,15,Sunny,0,91.39,Winter,20.52
26/12/23,28/12/23,S002,P0183,Electronics,West,73.19,15,Cloudy,0,74.31,Winter,32.49
26/12/23,28/12/23,S002,P0166,Groceries,West,83.76,10,Snowy,0,86.76,Winter,20.97
26/12/23,28/12/23,S002,P0079,Furniture,West,102.69,5,Cloudy,1,105.98,Winter,26.55
26/12/23,28/12/23,S002,P0187,Clothing,West,146.87,5,Sunny,1,146.34,Winter,15.96
26/12/23,28/12/23,S002,P0178,Clothing,West,115.86,20,Sunny,1,118.05,Winter,18.8
26/12/23,28/12/23,S002,P0057,Clothing,West,129.25,5,Sunny,0,125.5,Winter,15.52
26/12/23,28/12/23,S002,P0153,Furniture,West,78.75,15,Cloudy,0,76.16,Winter,27.09
26/12/23,28/12/23,S002,P0083,Toys,West,113.2,5,Sunny,1,112.26,Winter,23.54
26/12/23,28/12/23,S002,P0069,Clothing,West,197.66,0,Sunny,0,196.16,Winter,9.89
26/12/23,28/12/23,S002,P0125,Clothing,West,123.74,10,Sunny,0,123.27,Winter,14.56
26/12/23,28/12/23,S002,P0017,Toys,West,105.11,0,Rainy,0,104.48,Winter,19.28
26/12/23,28/12/23,S002,P0149,Furniture,West,138.89,15,Sunny,0,143.1,Winter,14.43
26/12/23,28/12/23,S002,P0094,Groceries,West,161.97,10,Rainy,0,168.72,Winter,12.27
26/12/23,28/12/23,S002,P0066,Clothing,West,134.04,10,Sunny,1,138.72,Winter,16.75
26/12/23,28/12/23,S002,P0061,Clothing,West,168.79,0,Rainy,0,161.98,Winter,11.46
26/12/23,28/12/23,S002,P0085,Electronics,West,126.74,5,Snowy,1,128.14,Winter,22.37
26/12/23,28/12/23,S002,P0068,Electronics,West,129.57,0,Cloudy,0,131.14,Winter,18.4
26/12/23,28/12/23,S002,P0126,Clothing,West,191.6,15,Cloudy,0,189.36,Winter,10.48
26/12/23,28/12/23,S002,P0133,Clothing,West,183.61,20,Snowy,0,182.23,Winter,10.38
26/12/23,28/12/23,S003,P0096,Toys,North,82.77,10,Sunny,0,82.28,Winter,22.67
26/12/23,28/12/23,S003,P0016,Clothing,North,91.0,10,Rainy,1,89.07,Winter,27.92
26/12/23,28/12/23,S003,P0031,Electronics,North,118.23,10,Sunny,0,113.01,Winter,18.45
26/12/23,28/12/23,S003,P0159,Electronics,North,87.68,15,Rainy,0,87.51,Winter,27.21
26/12/23,28/12/23,S003,P0129,Furniture,North,115.77,15,Rainy,0,110.58,Winter,16.13
26/12/23,28/12/23,S003,P0116,Furniture,North,111.7,5,Cloudy,1,107.93,Winter,22.87
26/12/23,28/12/23,S003,P0070,Electronics,North,162.21,0,Cloudy,0,163.04,Winter,15.14
26/12/23,28/12/23,S003,P0171,Electronics,North,164.11,15,Rainy,0,163.41,Winter,14.99
26/12/23,28/12/23,S003,P0175,Electronics,North,115.42,20,Snowy,0,110.82,Winter,18.47
26/12/23,28/12/23,S003,P0046,Clothing,North,139.69,10,Sunny,0,146.62,Winter,14.21
26/12/23,28/12/23,S003,P0067,Furniture,North,92.82,15,Cloudy,0,97.16,Winter,21.54
26/12/23,28/12/23,S003,P0183,Electronics,North,67.96,20,Rainy,0,67.25,Winter,30.26
26/12/23,28/12/23,S003,P0166,Groceries,North,84.6,15,Snowy,0,83.5,Winter,21.63
26/12/23,28/12/23,S003,P0079,Furniture,North,106.64,0,Sunny,0,111.88,Winter,18.81
26/12/23,28/12/23,S003,P0187,Clothing,North,146.02,20,Snowy,0,144.47,Winter,12.06
26/12/23,28/12/23,S003,P0178,Clothing,North,125.13,5,Snowy,1,128.61,Winter,20.19
26/12/23,28/12/23,S003,P0057,Clothing,North,119.07,20,Cloudy,1,119.41,Winter,18.85
26/12/23,28/12/23,S003,P0153,Furniture,North,73.24,5,Sunny,0,73.69,Winter,28.44
26/12/23,28/12/23,S003,P0083,Toys,North,115.41,20,Sunny,0,120.07,Winter,18.83
26/12/23,28/12/23,S003,P0069,Clothing,North,203.68,10,Rainy,0,198.28,Winter,10.72
26/12/23,28/12/23,S003,P0125,Clothing,North,130.27,15,Snowy,0,132.23,Winter,17.47
26/12/23,28/12/23,S003,P0017,Toys,North,106.78,0,Cloudy,0,104.03,Winter,19.14
26/12/23,28/12/23,S003,P0149,Furniture,North,128.9,0,Rainy,1,135.2,Winter,17.52
26/12/23,28/12/23,S003,P0094,Groceries,North,164.03,0,Cloudy,1,164.6,Winter,14.92
26/12/23,28/12/23,S003,P0066,Clothing,North,141.43,15,Snowy,0,138.12,Winter,13.2
26/12/23,28/12/23,S003,P0061,Clothing,North,164.65,20,Sunny,0,170.08,Winter,11.64
26/12/23,28/12/23,S003,P0085,Electronics,North,136.21,5,Sunny,0,140.19,Winter,17.84
26/12/23,28/12/23,S003,P0068,Electronics,North,125.31,5,Cloudy,0,129.99,Winter,20.22
26/12/23,28/12/23,S003,P0126,Clothing,North,190.61,0,Cloudy,1,197.25,Winter,13.73
26/12/23,28/12/23,S003,P0133,Clothing,North,189.8,20,Snowy,0,188.03,Winter,10.21
26/12/23,28/12/23,S004,P0096,Toys,South,87.7,15,Cloudy,0,89.62,Winter,24.62
26/12/23,28/12/23,S004,P0016,Clothing,South,95.64,20,Snowy,0,94.23,Winter,19.97
26/12/23,28/12/23,S004,P0031,Electronics,South,118.19,5,Rainy,1,114.17,Winter,27.88
26/12/23,28/12/23,S004,P0159,Electronics,South,84.62,20,Sunny,0,81.33,Winter,29.04
26/12/23,28/12/23,S004,P0129,Furniture,South,118.23,5,Cloudy,0,119.6,Winter,17.35
26/12/23,28/12/23,S004,P0116,Furniture,South,114.25,15,Snowy,0,115.19,Winter,18.23
26/12/23,28/12/23,S004,P0070,Electronics,South,161.14,10,Rainy,1,155.75,Winter,19.21
26/12/23,28/12/23,S004,P0171,Electronics,South,163.88,20,Rainy,0,168.07,Winter,14.98
26/12/23,28/12/23,S004,P0175,Electronics,South,120.88,10,Sunny,0,119.45,Winter,20.18
26/12/23,28/12/23,S004,P0046,Clothing,South,141.73,5,Sunny,0,135.94,Winter,13.57
26/12/23,28/12/23,S004,P0067,Furniture,South,91.89,0,Snowy,0,95.55,Winter,20.59
26/12/23,28/12/23,S004,P0183,Electronics,South,68.48,15,Snowy,0,69.5,Winter,31.03
26/12/23,28/12/23,S004,P0166,Groceries,South,86.91,10,Rainy,0,85.25,Winter,23.46
26/12/23,28/12/23,S004,P0079,Furniture,South,103.72,20,Rainy,0,104.02,Winter,18.23
26/12/23,28/12/23,S004,P0187,Clothing,South,146.38,5,Cloudy,0,150.8,Winter,14.21
26/12/23,28/12/23,S004,P0178,Clothing,South,121.82,10,Cloudy,0,126.71,Winter,16.56
26/12/23,28/12/23,S004,P0057,Clothing,South,124.26,10,Rainy,0,124.0,Winter,15.96
26/12/23,28/12/23,S004,P0153,Furniture,South,73.86,0,Rainy,0,76.5,Winter,25.99
26/12/23,28/12/23,S004,P0083,Toys,South,110.41,5,Snowy,0,113.04,Winter,17.9
26/12/23,28/12/23,S004,P0069,Clothing,South,202.33,0,Snowy,0,211.87,Winter,9.02
26/12/23,28/12/23,S004,P0125,Clothing,South,130.95,15,Rainy,0,131.25,Winter,18.82
26/12/23,28/12/23,S004,P0017,Toys,South,112.74,15,Cloudy,0,116.04,Winter,19.13
26/12/23,28/12/23,S004,P0149,Furniture,South,128.38,10,Cloudy,0,122.96,Winter,12.76
26/12/23,28/12/23,S004,P0094,Groceries,South,167.57,20,Sunny,1,167.63,Winter,15.03
26/12/23,28/12/23,S004,P0066,Clothing,South,138.03,20,Cloudy,0,139.07,Winter,14.26
26/12/23,28/12/23,S004,P0061,Clothing,South,175.03,10,Cloudy,1,172.04,Winter,13.96
26/12/23,28/12/23,S004,P0085,Electronics,South,132.73,15,Rainy,1,136.5,Winter,21.13
26/12/23,28/12/23,S004,P0068,Electronics,South,121.41,10,Rainy,0,119.9,Winter,17.55
26/12/23,28/12/23,S004,P0126,Clothing,South,192.53,15,Snowy,0,186.22,Winter,10.9
26/12/23,28/12/23,S004,P0133,Clothing,South,190.88,5,Cloudy,1,195.29,Winter,13.38
26/12/23,28/12/23,S005,P0096,Toys,West,83.6,0,Snowy,0,82.63,Winter,23.59
26/12/23,28/12/23,S005,P0016,Clothing,West,91.55,15,Cloudy,0,95.24,Winter,20.18
26/12/23,28/12/23,S005,P0031,Electronics,West,111.25,10,Sunny,1,114.26,Winter,26.62
26/12/23,28/12/23,S005,P0159,Electronics,West,82.63,0,Rainy,0,80.17,Winter,28.4
26/12/23,28/12/23,S005,P0129,Furniture,West,114.02,10,Rainy,0,113.36,Winter,16.19
26/12/23,28/12/23,S005,P0116,Furniture,West,104.63,5,Rainy,0,101.61,Winter,16.78
26/12/23,28/12/23,S005,P0070,Electronics,West,159.73,5,Snowy,0,161.19,Winter,15.16
26/12/23,28/12/23,S005,P0171,Electronics,West,162.44,0,Cloudy,0,167.83,Winter,13.84
26/12/23,28/12/23,S005,P0175,Electronics,West,115.74,20,Sunny,0,114.78,Winter,19.21
26/12/23,28/12/23,S005,P0046,Clothing,West,133.62,5,Cloudy,0,127.07,Winter,14.34
26/12/23,28/12/23,S005,P0067,Furniture,West,87.13,20,Sunny,0,89.8,Winter,20.71
26/12/23,28/12/23,S005,P0183,Electronics,West,66.91,20,Cloudy,0,69.68,Winter,31.3
26/12/23,28/12/23,S005,P0166,Groceries,West,83.0,5,Cloudy,0,84.64,Winter,22.81
26/12/23,28/12/23,S005,P0079,Furniture,West,103.53,5,Rainy,0,103.67,Winter,20.13
26/12/23,28/12/23,S005,P0187,Clothing,West,145.38,0,Sunny,1,144.94,Winter,17.83
26/12/23,28/12/23,S005,P0178,Clothing,West,125.57,10,Sunny,0,123.38,Winter,16.39
26/12/23,28/12/23,S005,P0057,Clothing,West,130.2,20,Snowy,0,131.76,Winter,17.42
26/12/23,28/12/23,S005,P0153,Furniture,West,78.7,0,Rainy,0,79.61,Winter,24.22
26/12/23,28/12/23,S005,P0083,Toys,West,110.82,20,Sunny,0,105.57,Winter,18.17
26/12/23,28/12/23,S005,P0069,Clothing,West,206.7,20,Rainy,0,215.88,Winter,10.66
26/12/23,28/12/23,S005,P0125,Clothing,West,126.45,5,Sunny,0,126.5,Winter,14.93
26/12/23,28/12/23,S005,P0017,Toys,West,110.52,20,Sunny,0,105.99,Winter,18.27
26/12/23,28/12/23,S005,P0149,Furniture,West,136.95,20,Snowy,0,141.13,Winter,14.43
26/12/23,28/12/23,S005,P0094,Groceries,West,156.77,15,Cloudy,0,163.07,Winter,11.54
26/12/23,28/12/23,S005,P0066,Clothing,West,134.94,20,Snowy,1,141.15,Winter,17.36
26/12/23,28/12/23,S005,P0061,Clothing,West,166.63,10,Snowy,0,174.38,Winter,11.88
26/12/23,28/12/23,S005,P0085,Electronics,West,124.89,5,Snowy,0,124.54,Winter,19.45
26/12/23,28/12/23,S005,P0068,Electronics,West,121.64,20,Sunny,1,118.94,Winter,26.21
26/12/23,28/12/23,S005,P0126,Clothing,West,186.15,10,Snowy,0,179.33,Winter,9.65
26/12/23,28/12/23,S005,P0133,Clothing,West,198.06,15,Rainy,0,205.33,Winter,10.96
26/12/23,29/12/23,S001,P0096,Toys,East,83.14,15,Cloudy,1,81.06,Winter,32.16
26/12/23,29/12/23,S001,P0016,Clothing,East,92.89,0,Snowy,0,91.37,Winter,19.62
26/12/23,29/12/23,S001,P0031,Electronics,East,113.54,15,Cloudy,0,114.32,Winter,21.13
26/12/23,29/12/23,S001,P0159,Electronics,East,84.0,20,Cloudy,0,83.14,Winter,27.86
26/12/23,29/12/23,S001,P0129,Furniture,East,114.83,10,Snowy,0,111.9,Winter,16.58
26/12/23,29/12/23,S001,P0116,Furniture,East,112.11,0,Cloudy,0,107.38,Winter,17.45
26/12/23,29/12/23,S001,P0070,Electronics,East,158.23,0,Sunny,0,151.39,Winter,15.82
26/12/23,29/12/23,S001,P0171,Electronics,East,162.73,20,Cloudy,1,167.22,Winter,19.45
26/12/23,29/12/23,S001,P0175,Electronics,East,124.14,0,Rainy,0,121.17,Winter,17.51
26/12/23,29/12/23,S001,P0046,Clothing,East,144.68,20,Rainy,0,150.52,Winter,15.65
26/12/23,29/12/23,S001,P0067,Furniture,East,93.23,10,Sunny,0,97.59,Winter,22.51
26/12/23,29/12/23,S001,P0183,Electronics,East,67.6,15,Sunny,1,66.87,Winter,41.15
26/12/23,29/12/23,S001,P0166,Groceries,East,81.79,20,Sunny,0,82.09,Winter,20.88
26/12/23,29/12/23,S001,P0079,Furniture,East,109.74,5,Snowy,0,115.03,Winter,20.14
26/12/23,29/12/23,S001,P0187,Clothing,East,141.01,10,Cloudy,0,137.9,Winter,12.59
26/12/23,29/12/23,S001,P0178,Clothing,East,117.79,15,Cloudy,1,115.03,Winter,19.59
26/12/23,29/12/23,S001,P0057,Clothing,East,129.91,20,Sunny,0,135.37,Winter,15.35
26/12/23,29/12/23,S001,P0153,Furniture,East,76.4,10,Rainy,1,73.44,Winter,32.29
26/12/23,29/12/23,S001,P0083,Toys,East,114.44,20,Sunny,0,116.81,Winter,18.13
26/12/23,29/12/23,S001,P0069,Clothing,East,201.75,0,Rainy,0,209.34,Winter,11.01
26/12/23,29/12/23,S001,P0125,Clothing,East,120.58,0,Sunny,1,118.9,Winter,21.82
26/12/23,29/12/23,S001,P0017,Toys,East,112.66,15,Snowy,0,110.38,Winter,17.16
26/12/23,29/12/23,S001,P0149,Furniture,East,136.23,0,Rainy,0,141.88,Winter,13.26
26/12/23,29/12/23,S001,P0094,Groceries,East,155.88,20,Cloudy,1,156.13,Winter,15.07
26/12/23,29/12/23,S001,P0066,Clothing,East,140.44,5,Sunny,1,144.11,Winter,18.15
26/12/23,29/12/23,S001,P0061,Clothing,East,169.11,10,Sunny,0,160.77,Winter,11.98
26/12/23,29/12/23,S001,P0085,Electronics,East,128.32,5,Rainy,0,126.01,Winter,19.02
26/12/23,29/12/23,S001,P0068,Electronics,East,128.46,5,Rainy,1,131.17,Winter,24.86
26/12/23,29/12/23,S001,P0126,Clothing,East,176.12,20,Snowy,1,171.1,Winter,13.45
26/12/23,29/12/23,S001,P0133,Clothing,East,184.96,5,Cloudy,1,178.34,Winter,13.64
26/12/23,29/12/23,S002,P0096,Toys,West,81.25,20,Cloudy,1,78.38,Winter,31.54
26/12/23,29/12/23,S002,P0016,Clothing,West,94.67,0,Sunny,0,93.58,Winter,20.85
26/12/23,29/12/23,S002,P0031,Electronics,West,113.76,0,Rainy,0,118.62,Winter,20.23
26/12/23,29/12/23,S002,P0159,Electronics,West,81.17,15,Sunny,1,83.36,Winter,33.19
26/12/23,29/12/23,S002,P0129,Furniture,West,122.13,20,Snowy,0,123.07,Winter,17.08
26/12/23,29/12/23,S002,P0116,Furniture,West,111.1,20,Rainy,0,108.38,Winter,16.32
26/12/23,29/12/23,S002,P0070,Electronics,West,165.33,5,Sunny,1,171.88,Winter,17.63
26/12/23,29/12/23,S002,P0171,Electronics,West,161.49,0,Sunny,1,159.29,Winter,18.23
26/12/23,29/12/23,S002,P0175,Electronics,West,125.96,20,Cloudy,0,127.83,Winter,18.49
26/12/23,29/12/23,S002,P0046,Clothing,West,134.95,15,Cloudy,1,140.15,Winter,19.38
26/12/23,29/12/23,S002,P0067,Furniture,West,87.74,10,Sunny,0,90.77,Winter,22.76
26/12/23,29/12/23,S002,P0183,Electronics,West,73.44,5,Cloudy,0,76.73,Winter,31.61
26/12/23,29/12/23,S002,P0166,Groceries,West,87.16,15,Cloudy,0,86.91,Winter,22.66
26/12/23,29/12/23,S002,P0079,Furniture,West,109.35,0,Snowy,0,104.52,Winter,17.55
26/12/23,29/12/23,S002,P0187,Clothing,West,140.86,10,Rainy,0,146.31,Winter,13.55
26/12/23,29/12/23,S002,P0178,Clothing,West,121.87,10,Snowy,1,116.76,Winter,21.34
26/12/23,29/12/23,S002,P0057,Clothing,West,122.49,10,Rainy,1,126.79,Winter,21.21
26/12/23,29/12/23,S002,P0153,Furniture,West,76.69,20,Cloudy,0,75.39,Winter,28.29
26/12/23,29/12/23,S002,P0083,Toys,West,107.18,20,Cloudy,1,109.06,Winter,25.2
26/12/23,29/12/23,S002,P0069,Clothing,West,209.12,15,Cloudy,0,205.56,Winter,10.24
26/12/23,29/12/23,S002,P0125,Clothing,West,129.96,15,Rainy,0,127.79,Winter,16.87
26/12/23,29/12/23,S002,P0017,Toys,West,108.94,15,Snowy,1,105.63,Winter,22.46
26/12/23,29/12/23,S002,P0149,Furniture,West,137.43,15,Sunny,0,135.67,Winter,13.94
26/12/23,29/12/23,S002,P0094,Groceries,West,162.87,10,Cloudy,1,165.26,Winter,16.54
26/12/23,29/12/23,S002,P0066,Clothing,West,135.62,20,Cloudy,1,141.05,Winter,17.67
26/12/23,29/12/23,S002,P0061,Clothing,West,169.32,10,Snowy,0,175.36,Winter,11.54
26/12/23,29/12/23,S002,P0085,Electronics,West,128.57,0,Snowy,0,128.78,Winter,19.78
26/12/23,29/12/23,S002,P0068,Electronics,West,128.21,15,Rainy,0,130.47,Winter,19.77
26/12/23,29/12/23,S002,P0126,Clothing,West,181.94,20,Sunny,0,181.2,Winter,10.24
26/12/23,29/12/23,S002,P0133,Clothing,West,182.35,20,Sunny,0,189.42,Winter,9.2
26/12/23,29/12/23,S003,P0096,Toys,North,85.08,5,Sunny,0,87.78,Winter,21.11
26/12/23,29/12/23,S003,P0016,Clothing,North,97.59,20,Rainy,0,101.62,Winter,24.34
26/12/23,29/12/23,S003,P0031,Electronics,North,120.52,5,Cloudy,0,115.19,Winter,18.73
26/12/23,29/12/23,S003,P0159,Electronics,North,82.41,20,Sunny,0,84.63,Winter,25.35
26/12/23,29/12/23,S003,P0129,Furniture,North,122.58,15,Sunny,0,127.63,Winter,15.85
26/12/23,29/12/23,S003,P0116,Furniture,North,105.68,5,Snowy,0,108.2,Winter,19.21
26/12/23,29/12/23,S003,P0070,Electronics,North,160.69,10,Rainy,0,168.38,Winter,13.85
26/12/23,29/12/23,S003,P0171,Electronics,North,167.8,5,Rainy,0,168.39,Winter,14.55
26/12/23,29/12/23,S003,P0175,Electronics,North,118.96,15,Snowy,0,122.96,Winter,17.73
26/12/23,29/12/23,S003,P0046,Clothing,North,138.44,15,Sunny,0,135.98,Winter,15.03
26/12/23,29/12/23,S003,P0067,Furniture,North,91.04,0,Sunny,0,87.15,Winter,20.25
26/12/23,29/12/23,S003,P0183,Electronics,North,66.55,5,Cloudy,0,64.54,Winter,35.39
26/12/23,29/12/23,S003,P0166,Groceries,North,82.37,20,Rainy,0,78.57,Winter,23.42
26/12/23,29/12/23,S003,P0079,Furniture,North,101.42,10,Snowy,1,105.48,Winter,24.65
26/12/23,29/12/23,S003,P0187,Clothing,North,147.24,15,Sunny,0,150.46,Winter,11.91
26/12/23,29/12/23,S003,P0178,Clothing,North,115.64,5,Sunny,0,111.79,Winter,15.28
26/12/23,29/12/23,S003,P0057,Clothing,North,125.32,20,Snowy,0,121.18,Winter,15.67
26/12/23,29/12/23,S003,P0153,Furniture,North,71.32,10,Rainy,0,72.58,Winter,25.27
26/12/23,29/12/23,S003,P0083,Toys,North,112.58,15,Cloudy,0,114.64,Winter,18.38
26/12/23,29/12/23,S003,P0069,Clothing,North,190.05,20,Sunny,0,192.39,Winter,10.37
26/12/23,29/12/23,S003,P0125,Clothing,North,121.9,0,Sunny,1,120.87,Winter,20.94
26/12/23,29/12/23,S003,P0017,Toys,North,115.26,20,Rainy,0,116.05,Winter,17.13
26/12/23,29/12/23,S003,P0149,Furniture,North,132.09,5,Cloudy,0,129.42,Winter,15.21
26/12/23,29/12/23,S003,P0094,Groceries,North,165.55,5,Rainy,1,169.25,Winter,16.85
26/12/23,29/12/23,S003,P0066,Clothing,North,141.66,20,Cloudy,1,145.57,Winter,19.44
26/12/23,29/12/23,S003,P0061,Clothing,North,175.47,15,Sunny,0,181.85,Winter,11.02
26/12/23,29/12/23,S003,P0085,Electronics,North,126.72,10,Snowy,0,129.09,Winter,17.02
26/12/23,29/12/23,S003,P0068,Electronics,North,122.52,20,Snowy,0,120.26,Winter,18.85
26/12/23,29/12/23,S003,P0126,Clothing,North,189.7,15,Sunny,1,191.13,Winter,13.64
26/12/23,29/12/23,S003,P0133,Clothing,North,182.36,0,Cloudy,0,177.04,Winter,9.14
26/12/23,29/12/23,S004,P0096,Toys,South,85.18,15,Sunny,0,85.46,Winter,22.48
26/12/23,29/12/23,S004,P0016,Clothing,South,96.93,15,Sunny,0,98.13,Winter,20.6
26/12/23,29/12/23,S004,P0031,Electronics,South,116.61,10,Sunny,0,121.63,Winter,22.17
26/12/23,29/12/23,S004,P0159,Electronics,South,86.03,0,Sunny,0,83.78,Winter,26.45
26/12/23,29/12/23,S004,P0129,Furniture,South,124.07,10,Cloudy,0,119.81,Winter,17.5
26/12/23,29/12/23,S004,P0116,Furniture,South,109.43,5,Sunny,0,113.97,Winter,17.68
26/12/23,29/12/23,S004,P0070,Electronics,South,164.62,0,Sunny,1,166.45,Winter,17.33
26/12/23,29/12/23,S004,P0171,Electronics,South,166.92,10,Snowy,1,169.4,Winter,20.42
26/12/23,29/12/23,S004,P0175,Electronics,South,119.4,5,Rainy,0,115.0,Winter,17.78
26/12/23,29/12/23,S004,P0046,Clothing,South,143.36,10,Cloudy,0,144.91,Winter,13.8
26/12/23,29/12/23,S004,P0067,Furniture,South,86.42,10,Snowy,0,86.87,Winter,20.44
26/12/23,29/12/23,S004,P0183,Electronics,South,68.84,5,Sunny,1,68.87,Winter,45.03
26/12/23,29/12/23,S004,P0166,Groceries,South,87.31,10,Cloudy,1,91.47,Winter,27.48
26/12/23,29/12/23,S004,P0079,Furniture,South,108.03,20,Sunny,0,109.77,Winter,20.02
26/12/23,29/12/23,S004,P0187,Clothing,South,150.47,20,Sunny,0,153.11,Winter,12.76
26/12/23,29/12/23,S004,P0178,Clothing,South,125.47,0,Rainy,0,130.75,Winter,18.23
26/12/23,29/12/23,S004,P0057,Clothing,South,125.75,0,Sunny,0,121.79,Winter,14.45
26/12/23,29/12/23,S004,P0153,Furniture,South,75.95,20,Cloudy,0,76.07,Winter,25.15
26/12/23,29/12/23,S004,P0083,Toys,South,104.75,5,Snowy,1,100.04,Winter,24.16
26/12/23,29/12/23,S004,P0069,Clothing,South,198.96,0,Rainy,0,189.72,Winter,10.58
26/12/23,29/12/23,S004,P0125,Clothing,South,119.64,15,Snowy,0,116.95,Winter,16.06
26/12/23,29/12/23,S004,P0017,Toys,South,115.22,10,Cloudy,0,114.04,Winter,18.46
26/12/23,29/12/23,S004,P0149,Furniture,South,130.91,10,Sunny,0,134.37,Winter,14.61
26/12/23,29/12/23,S004,P0094,Groceries,South,155.65,15,Rainy,1,153.08,Winter,14.91
26/12/23,29/12/23,S004,P0066,Clothing,South,141.64,10,Snowy,0,138.73,Winter,13.09
26/12/23,29/12/23,S004,P0061,Clothing,South,165.79,5,Cloudy,0,159.15,Winter,10.67
26/12/23,29/12/23,S004,P0085,Electronics,South,135.08,10,Cloudy,0,136.18,Winter,17.87
26/12/23,29/12/23,S004,P0068,Electronics,South,124.56,5,Cloudy,0,125.89,Winter,19.71
26/12/23,29/12/23,S004,P0126,Clothing,South,193.54,15,Sunny,0,196.08,Winter,10.21
26/12/23,29/12/23,S004,P0133,Clothing,South,191.82,5,Snowy,0,197.17,Winter,10.2
26/12/23,29/12/23,S005,P0096,Toys,West,82.06,15,Snowy,0,83.15,Winter,22.28
26/12/23,29/12/23,S005,P0016,Clothing,West,94.08,15,Sunny,0,90.56,Winter,20.34
26/12/23,29/12/23,S005,P0031,Electronics,West,111.73,15,Sunny,1,113.42,Winter,28.11
26/12/23,29/12/23,S005,P0159,Electronics,West,84.9,5,Cloudy,0,86.16,Winter,28.55
26/12/23,29/12/23,S005,P0129,Furniture,West,115.34,0,Snowy,1,111.84,Winter,22.64
26/12/23,29/12/23,S005,P0116,Furniture,West,113.93,0,Snowy,0,118.07,Winter,19.37
26/12/23,29/12/23,S005,P0070,Electronics,West,163.51,20,Snowy,0,165.94,Winter,14.56
26/12/23,29/12/23,S005,P0171,Electronics,West,163.45,10,Cloudy,0,161.98,Winter,14.81
26/12/23,29/12/23,S005,P0175,Electronics,West,123.43,0,Cloudy,0,125.8,Winter,17.7
26/12/23,29/12/23,S005,P0046,Clothing,West,144.42,15,Cloudy,1,144.9,Winter,16.86
26/12/23,29/12/23,S005,P0067,Furniture,West,88.63,5,Snowy,1,90.2,Winter,28.29
26/12/23,29/12/23,S005,P0183,Electronics,West,67.15,5,Sunny,0,66.45,Winter,34.55
26/12/23,29/12/23,S005,P0166,Groceries,West,82.95,15,Cloudy,1,81.37,Winter,31.57
26/12/23,29/12/23,S005,P0079,Furniture,West,108.48,10,Rainy,0,106.55,Winter,18.24
26/12/23,29/12/23,S005,P0187,Clothing,West,147.95,10,Rainy,0,152.62,Winter,14.67
26/12/23,29/12/23,S005,P0178,Clothing,West,124.92,5,Sunny,0,128.68,Winter,15.91
26/12/23,29/12/23,S005,P0057,Clothing,West,131.22,5,Rainy,0,128.9,Winter,16.79
26/12/23,29/12/23,S005,P0153,Furniture,West,78.22,20,Rainy,0,78.67,Winter,25.15
26/12/23,29/12/23,S005,P0083,Toys,West,115.2,10,Snowy,0,113.4,Winter,16.92
26/12/23,29/12/23,S005,P0069,Clothing,West,199.58,15,Sunny,0,190.72,Winter,9.02
26/12/23,29/12/23,S005,P0125,Clothing,West,119.65,5,Rainy,0,121.55,Winter,17.02
26/12/23,29/12/23,S005,P0017,Toys,West,105.37,5,Rainy,0,103.59,Winter,18.95
26/12/23,29/12/23,S005,P0149,Furniture,West,141.45,0,Rainy,0,138.24,Winter,14.27
26/12/23,29/12/23,S005,P0094,Groceries,West,154.3,5,Cloudy,0,151.05,Winter,12.04
26/12/23,29/12/23,S005,P0066,Clothing,West,140.7,10,Sunny,0,136.15,Winter,13.83
26/12/23,29/12/23,S005,P0061,Clothing,West,172.91,15,Snowy,0,181.01,Winter,11.45
26/12/23,29/12/23,S005,P0085,Electronics,West,126.98,10,Sunny,0,124.08,Winter,16.44
26/12/23,29/12/23,S005,P0068,Electronics,West,128.88,5,Rainy,0,126.99,Winter,20.92
26/12/23,29/12/23,S005,P0126,Clothing,West,189.15,10,Sunny,0,181.4,Winter,10.09
26/12/23,29/12/23,S005,P0133,Clothing,West,197.3,10,Cloudy,1,194.32,Winter,12.67
26/12/23,30/12/23,S001,P0096,Toys,East,84.23,5,Snowy,0,83.69,Winter,23.63
26/12/23,30/12/23,S001,P0016,Clothing,East,94.13,15,Snowy,0,96.6,Winter,22.3
26/12/23,30/12/23,S001,P0031,Electronics,East,111.52,5,Snowy,0,116.69,Winter,20.09
26/12/23,30/12/23,S001,P0159,Electronics,East,83.78,0,Rainy,0,84.18,Winter,26.66
26/12/23,30/12/23,S001,P0129,Furniture,East,119.34,10,Sunny,0,118.51,Winter,14.86
26/12/23,30/12/23,S001,P0116,Furniture,East,105.57,15,Rainy,0,108.71,Winter,19.3
26/12/23,30/12/23,S001,P0070,Electronics,East,154.42,5,Rainy,0,154.39,Winter,14.41
26/12/23,30/12/23,S001,P0171,Electronics,East,166.31,20,Snowy,1,173.3,Winter,17.72
26/12/23,30/12/23,S001,P0175,Electronics,East,125.51,5,Snowy,0,130.61,Winter,19.62
26/12/23,30/12/23,S001,P0046,Clothing,East,134.35,5,Rainy,0,128.01,Winter,14.64
26/12/23,30/12/23,S001,P0067,Furniture,East,90.37,5,Sunny,0,91.67,Winter,21.78
26/12/23,30/12/23,S001,P0183,Electronics,East,70.42,15,Snowy,0,68.95,Winter,32.24
26/12/23,30/12/23,S001,P0166,Groceries,East,85.78,20,Sunny,0,88.11,Winter,24.25
26/12/23,30/12/23,S001,P0079,Furniture,East,100.12,20,Rainy,0,102.81,Winter,19.04
26/12/23,30/12/23,S001,P0187,Clothing,East,140.8,5,Snowy,0,139.47,Winter,13.5
26/12/23,30/12/23,S001,P0178,Clothing,East,116.48,5,Snowy,0,122.08,Winter,15.18
26/12/23,30/12/23,S001,P0057,Clothing,East,124.32,15,Rainy,0,123.25,Winter,16.45
26/12/23,30/12/23,S001,P0153,Furniture,East,77.24,0,Cloudy,0,74.3,Winter,25.09
26/12/23,30/12/23,S001,P0083,Toys,East,105.61,5,Cloudy,0,109.78,Winter,18.43
26/12/23,30/12/23,S001,P0069,Clothing,East,201.77,10,Sunny,0,192.8,Winter,10.77
26/12/23,30/12/23,S001,P0125,Clothing,East,129.18,20,Sunny,1,133.75,Winter,19.5
26/12/23,30/12/23,S001,P0017,Toys,East,110.11,10,Sunny,0,113.58,Winter,19.74
26/12/23,30/12/23,S001,P0149,Furniture,East,130.53,15,Sunny,0,131.93,Winter,13.49
26/12/23,30/12/23,S001,P0094,Groceries,East,154.56,0,Sunny,0,157.45,Winter,12.9
26/12/23,30/12/23,S001,P0066,Clothing,East,132.4,20,Sunny,0,130.65,Winter,13.49
26/12/23,30/12/23,S001,P0061,Clothing,East,161.61,10,Snowy,0,156.28,Winter,11.44
26/12/23,30/12/23,S001,P0085,Electronics,East,124.26,5,Snowy,0,126.8,Winter,18.48
26/12/23,30/12/23,S001,P0068,Electronics,East,123.65,15,Rainy,1,118.26,Winter,23.9
26/12/23,30/12/23,S001,P0126,Clothing,East,189.84,10,Cloudy,1,189.29,Winter,11.78
26/12/23,30/12/23,S001,P0133,Clothing,East,187.41,10,Cloudy,0,194.93,Winter,9.5
26/12/23,30/12/23,S002,P0096,Toys,West,83.27,20,Cloudy,0,86.42,Winter,23.57
26/12/23,30/12/23,S002,P0016,Clothing,West,88.61,15,Snowy,1,86.03,Winter,24.73
26/12/23,30/12/23,S002,P0031,Electronics,West,113.93,5,Snowy,1,113.01,Winter,25.95
26/12/23,30/12/23,S002,P0159,Electronics,West,84.36,15,Cloudy,0,87.09,Winter,26.3
26/12/23,30/12/23,S002,P0129,Furniture,West,120.61,0,Snowy,0,123.69,Winter,15.84
26/12/23,30/12/23,S002,P0116,Furniture,West,109.23,20,Sunny,0,107.02,Winter,19.06
26/12/23,30/12/23,S002,P0070,Electronics,West,163.6,15,Cloudy,0,162.15,Winter,14.8
26/12/23,30/12/23,S002,P0171,Electronics,West,158.08,0,Rainy,0,157.41,Winter,13.71
26/12/23,30/12/23,S002,P0175,Electronics,West,124.09,0,Sunny,0,125.07,Winter,20.95
26/12/23,30/12/23,S002,P0046,Clothing,West,135.3,20,Sunny,0,140.31,Winter,14.68
26/12/23,30/12/23,S002,P0067,Furniture,West,91.68,20,Snowy,0,96.22,Winter,21.26
26/12/23,30/12/23,S002,P0183,Electronics,West,71.22,5,Cloudy,0,73.61,Winter,36.76
26/12/23,30/12/23,S002,P0166,Groceries,West,82.48,5,Rainy,0,81.54,Winter,21.22
26/12/23,30/12/23,S002,P0079,Furniture,West,104.67,20,Cloudy,0,108.92,Winter,17.46
26/12/23,30/12/23,S002,P0187,Clothing,West,142.09,0,Sunny,0,135.27,Winter,13.51
26/12/23,30/12/23,S002,P0178,Clothing,West,122.85,20,Rainy,0,118.76,Winter,16.65
26/12/23,30/12/23,S002,P0057,Clothing,West,127.77,5,Snowy,0,123.06,Winter,14.69
26/12/23,30/12/23,S002,P0153,Furniture,West,75.07,20,Snowy,0,74.22,Winter,25.28
26/12/23,30/12/23,S002,P0083,Toys,West,115.32,15,Sunny,0,114.73,Winter,16.92
26/12/23,30/12/23,S002,P0069,Clothing,West,209.37,5,Cloudy,0,201.11,Winter,10.27
26/12/23,30/12/23,S002,P0125,Clothing,West,129.28,15,Sunny,0,128.17,Winter,15.98
26/12/23,30/12/23,S002,P0017,Toys,West,114.31,5,Rainy,0,118.56,Winter,16.89
26/12/23,30/12/23,S002,P0149,Furniture,West,138.3,0,Rainy,1,133.84,Winter,18.17
26/12/23,30/12/23,S002,P0094,Groceries,West,152.21,10,Cloudy,0,159.12,Winter,12.4
26/12/23,30/12/23,S002,P0066,Clothing,West,138.07,20,Sunny,1,142.0,Winter,19.99
26/12/23,30/12/23,S002,P0061,Clothing,West,163.07,15,Rainy,1,168.86,Winter,17.23
26/12/23,30/12/23,S002,P0085,Electronics,West,128.63,10,Sunny,0,125.62,Winter,16.95
26/12/23,30/12/23,S002,P0068,Electronics,West,129.09,5,Rainy,0,123.76,Winter,19.32
26/12/23,30/12/23,S002,P0126,Clothing,West,178.57,5,Cloudy,0,169.94,Winter,9.48
26/12/23,30/12/23,S002,P0133,Clothing,West,181.5,5,Rainy,0,189.07,Winter,11.21
26/12/23,30/12/23,S003,P0096,Toys,North,82.16,0,Cloudy,1,78.51,Winter,31.61
26/12/23,30/12/23,S003,P0016,Clothing,North,95.56,20,Rainy,0,93.66,Winter,24.2
26/12/23,30/12/23,S003,P0031,Electronics,North,116.79,20,Rainy,0,116.58,Winter,21.82
26/12/23,30/12/23,S003,P0159,Electronics,North,85.2,10,Cloudy,0,88.86,Winter,26.88
26/12/23,30/12/23,S003,P0129,Furniture,North,120.28,10,Sunny,0,126.19,Winter,16.26
26/12/23,30/12/23,S003,P0116,Furniture,North,108.26,15,Sunny,1,110.37,Winter,23.18
26/12/23,30/12/23,S003,P0070,Electronics,North,153.75,0,Snowy,0,159.44,Winter,14.77
26/12/23,30/12/23,S003,P0171,Electronics,North,155.25,0,Snowy,1,154.52,Winter,19.22
26/12/23,30/12/23,S003,P0175,Electronics,North,121.28,15,Rainy,0,125.65,Winter,20.49
26/12/23,30/12/23,S003,P0046,Clothing,North,135.95,10,Snowy,0,130.43,Winter,12.87
26/12/23,30/12/23,S003,P0067,Furniture,North,85.66,20,Cloudy,0,85.34,Winter,20.17
26/12/23,30/12/23,S003,P0183,Electronics,North,70.98,10,Rainy,0,68.08,Winter,33.32
26/12/23,30/12/23,S003,P0166,Groceries,North,82.34,20,Rainy,0,79.31,Winter,22.25
26/12/23,30/12/23,S003,P0079,Furniture,North,103.12,5,Snowy,0,99.02,Winter,17.97
26/12/23,30/12/23,S003,P0187,Clothing,North,140.1,0,Sunny,0,142.53,Winter,11.98
26/12/23,30/12/23,S003,P0178,Clothing,North,123.82,10,Cloudy,0,122.13,Winter,16.45
26/12/23,30/12/23,S003,P0057,Clothing,North,120.83,15,Cloudy,0,116.5,Winter,15.03
26/12/23,30/12/23,S003,P0153,Furniture,North,73.97,15,Snowy,1,74.27,Winter,31.44
26/12/23,30/12/23,S003,P0083,Toys,North,109.95,0,Rainy,0,105.17,Winter,16.87
26/12/23,30/12/23,S003,P0069,Clothing,North,192.39,15,Sunny,0,188.39,Winter,9.09
26/12/23,30/12/23,S003,P0125,Clothing,North,129.81,5,Sunny,0,126.09,Winter,16.9
26/12/23,30/12/23,S003,P0017,Toys,North,115.16,5,Sunny,0,116.87,Winter,18.37
26/12/23,30/12/23,S003,P0149,Furniture,North,135.45,5,Cloudy,0,136.68,Winter,14.37
26/12/23,30/12/23,S003,P0094,Groceries,North,165.53,5,Cloudy,0,157.9,Winter,12.21
26/12/23,30/12/23,S003,P0066,Clothing,North,139.84,5,Snowy,0,133.47,Winter,13.9
26/12/23,30/12/23,S003,P0061,Clothing,North,164.8,5,Snowy,0,164.08,Winter,10.29
26/12/23,30/12/23,S003,P0085,Electronics,North,124.07,15,Cloudy,0,119.26,Winter,17.22
26/12/23,30/12/23,S003,P0068,Electronics,North,126.7,15,Snowy,0,129.29,Winter,17.98
26/12/23,30/12/23,S003,P0126,Clothing,North,189.68,5,Sunny,0,194.06,Winter,10.5
26/12/23,30/12/23,S003,P0133,Clothing,North,181.13,0,Rainy,0,183.16,Winter,10.98
26/12/23,30/12/23,S004,P0096,Toys,South,85.18,5,Cloudy,1,84.08,Winter,30.77
26/12/23,30/12/23,S004,P0016,Clothing,South,95.76,5,Rainy,0,91.37,Winter,21.81
26/12/23,30/12/23,S004,P0031,Electronics,South,112.85,5,Cloudy,0,112.58,Winter,20.47
26/12/23,30/12/23,S004,P0159,Electronics,South,86.34,0,Sunny,0,83.92,Winter,24.91
26/12/23,30/12/23,S004,P0129,Furniture,South,119.89,0,Snowy,0,116.34,Winter,14.42
26/12/23,30/12/23,S004,P0116,Furniture,South,114.03,15,Cloudy,1,117.07,Winter,25.65
26/12/23,30/12/23,S004,P0070,Electronics,South,160.97,15,Cloudy,0,155.96,Winter,14.59
26/12/23,30/12/23,S004,P0171,Electronics,South,154.39,5,Snowy,1,154.62,Winter,17.79
26/12/23,30/12/23,S004,P0175,Electronics,South,124.25,20,Rainy,0,123.53,Winter,20.91
26/12/23,30/12/23,S004,P0046,Clothing,South,134.3,20,Rainy,1,133.78,Winter,19.3
26/12/23,30/12/23,S004,P0067,Furniture,South,90.05,0,Cloudy,0,94.23,Winter,21.85
26/12/23,30/12/23,S004,P0183,Electronics,South,68.67,10,Rainy,0,65.54,Winter,34.63
26/12/23,30/12/23,S004,P0166,Groceries,South,88.97,10,Sunny,0,84.89,Winter,20.8
26/12/23,30/12/23,S004,P0079,Furniture,South,104.93,10,Cloudy,0,103.96,Winter,17.73
26/12/23,30/12/23,S004,P0187,Clothing,South,147.81,10,Cloudy,1,152.97,Winter,15.78
26/12/23,30/12/23,S004,P0178,Clothing,South,120.82,5,Snowy,0,122.25,Winter,17.06
26/12/23,30/12/23,S004,P0057,Clothing,South,125.44,15,Rainy,1,130.64,Winter,23.68
26/12/23,30/12/23,S004,P0153,Furniture,South,74.28,5,Snowy,1,74.3,Winter,30.98
26/12/23,30/12/23,S004,P0083,Toys,South,114.79,0,Snowy,0,112.06,Winter,19.19
26/12/23,30/12/23,S004,P0069,Clothing,South,207.73,10,Sunny,0,209.96,Winter,10.67
26/12/23,30/12/23,S004,P0125,Clothing,South,124.97,0,Rainy,0,127.18,Winter,17.16
26/12/23,30/12/23,S004,P0017,Toys,South,108.31,5,Cloudy,1,110.2,Winter,21.9
26/12/23,30/12/23,S004,P0149,Furniture,South,141.18,0,Cloudy,0,139.57,Winter,12.65
26/12/23,30/12/23,S004,P0094,Groceries,South,164.58,10,Snowy,0,157.87,Winter,12.49
26/12/23,30/12/23,S004,P0066,Clothing,South,133.56,10,Snowy,0,136.73,Winter,14.25
26/12/23,30/12/23,S004,P0061,Clothing,South,173.91,0,Snowy,0,178.37,Winter,10.03
26/12/23,30/12/23,S004,P0085,Electronics,South,128.12,5,Sunny,0,124.37,Winter,18.93
26/12/23,30/12/23,S004,P0068,Electronics,South,121.67,5,Snowy,1,116.45,Winter,24.4
26/12/23,30/12/23,S004,P0126,Clothing,South,178.08,15,Rainy,0,176.41,Winter,10.15
26/12/23,30/12/23,S004,P0133,Clothing,South,192.83,10,Rainy,0,184.28,Winter,12.08
26/12/23,30/12/23,S005,P0096,Toys,West,84.43,20,Sunny,0,81.28,Winter,21.75
26/12/23,30/12/23,S005,P0016,Clothing,West,95.92,20,Sunny,0,92.99,Winter,19.43
26/12/23,30/12/23,S005,P0031,Electronics,West,119.89,20,Snowy,1,120.78,Winter,28.4
26/12/23,30/12/23,S005,P0159,Electronics,West,82.01,10,Cloudy,0,83.34,Winter,28.64
26/12/23,30/12/23,S005,P0129,Furniture,West,119.17,20,Sunny,0,119.24,Winter,16.98
26/12/23,30/12/23,S005,P0116,Furniture,West,110.7,20,Sunny,0,113.41,Winter,17.57
26/12/23,30/12/23,S005,P0070,Electronics,West,163.38,10,Snowy,0,160.84,Winter,14.74
26/12/23,30/12/23,S005,P0171,Electronics,West,160.8,10,Snowy,0,167.7,Winter,14.5
26/12/23,30/12/23,S005,P0175,Electronics,West,123.18,20,Snowy,0,129.16,Winter,19.75
26/12/23,30/12/23,S005,P0046,Clothing,West,146.38,5,Cloudy,0,148.4,Winter,15.4
26/12/23,30/12/23,S005,P0067,Furniture,West,88.04,10,Snowy,0,84.8,Winter,24.08
26/12/23,30/12/23,S005,P0183,Electronics,West,68.01,15,Sunny,0,66.71,Winter,33.17
26/12/23,30/12/23,S005,P0166,Groceries,West,88.23,10,Rainy,1,85.82,Winter,29.96
26/12/23,30/12/23,S005,P0079,Furniture,West,105.96,20,Cloudy,0,107.87,Winter,18.59
26/12/23,30/12/23,S005,P0187,Clothing,West,139.62,5,Rainy,1,139.74,Winter,20.42
26/12/23,30/12/23,S005,P0178,Clothing,West,123.36,10,Cloudy,0,123.72,Winter,15.93
26/12/23,30/12/23,S005,P0057,Clothing,West,124.49,0,Snowy,0,122.83,Winter,16.05
26/12/23,30/12/23,S005,P0153,Furniture,West,74.4,10,Snowy,0,71.2,Winter,23.65
26/12/23,30/12/23,S005,P0083,Toys,West,110.4,15,Snowy,0,108.09,Winter,16.76
26/12/23,30/12/23,S005,P0069,Clothing,West,192.58,0,Sunny,0,192.5,Winter,9.13
26/12/23,30/12/23,S005,P0125,Clothing,West,124.42,15,Rainy,0,122.02,Winter,18.87
26/12/23,30/12/23,S005,P0017,Toys,West,108.4,10,Snowy,0,107.56,Winter,19.3
26/12/23,30/12/23,S005,P0149,Furniture,West,141.52,15,Snowy,0,148.47,Winter,14.22
26/12/23,30/12/23,S005,P0094,Groceries,West,156.64,15,Snowy,1,157.16,Winter,15.59
26/12/23,30/12/23,S005,P0066,Clothing,West,132.57,5,Rainy,0,131.96,Winter,16.5
26/12/23,30/12/23,S005,P0061,Clothing,West,166.08,10,Snowy,0,165.45,Winter,10.76
26/12/23,30/12/23,S005,P0085,Electronics,West,136.21,10,Sunny,1,130.1,Winter,25.33
26/12/23,30/12/23,S005,P0068,Electronics,West,127.66,15,Rainy,1,128.69,Winter,27.21
26/12/23,30/12/23,S005,P0126,Clothing,West,191.28,0,Sunny,1,187.06,Winter,13.19
26/12/23,30/12/23,S005,P0133,Clothing,West,195.2,20,Snowy,0,198.12,Winter,10.17
26/12/23,31/12/23,S001,P0096,Toys,East,81.24,20,Cloudy,0,84.05,Winter,24.65
26/12/23,31/12/23,S001,P0016,Clothing,East,92.87,5,Rainy,0,94.49,Winter,23.29
26/12/23,31/12/23,S001,P0031,Electronics,East,110.23,5,Rainy,0,111.96,Winter,20.58
26/12/23,31/12/23,S001,P0159,Electronics,East,88.01,10,Snowy,0,86.48,Winter,25.28
26/12/23,31/12/23,S001,P0129,Furniture,East,124.77,0,Sunny,1,123.65,Winter,19.15
26/12/23,31/12/23,S001,P0116,Furniture,East,111.18,15,Cloudy,0,111.28,Winter,17.23
26/12/23,31/12/23,S001,P0070,Electronics,East,159.84,10,Snowy,0,152.83,Winter,13.32
26/12/23,31/12/23,S001,P0171,Electronics,East,164.56,5,Rainy,0,172.48,Winter,14.42
26/12/23,31/12/23,S001,P0175,Electronics,East,124.71,5,Rainy,0,120.92,Winter,20.28
26/12/23,31/12/23,S001,P0046,Clothing,East,136.46,0,Rainy,0,132.52,Winter,15.46
26/12/23,31/12/23,S001,P0067,Furniture,East,87.18,5,Cloudy,0,87.94,Winter,21.84
26/12/23,31/12/23,S001,P0183,Electronics,East,70.18,10,Cloudy,0,70.75,Winter,32.1
26/12/23,31/12/23,S001,P0166,Groceries,East,85.99,10,Cloudy,1,87.11,Winter,28.75
26/12/23,31/12/23,S001,P0079,Furniture,East,109.76,10,Snowy,1,106.87,Winter,23.98
26/12/23,31/12/23,S001,P0187,Clothing,East,140.94,20,Rainy,0,147.03,Winter,13.01
26/12/23,31/12/23,S001,P0178,Clothing,East,119.91,5,Rainy,0,125.47,Winter,18.14
26/12/23,31/12/23,S001,P0057,Clothing,East,126.81,5,Cloudy,0,130.15,Winter,15.18
26/12/23,31/12/23,S001,P0153,Furniture,East,73.9,5,Rainy,0,77.13,Winter,24.45
26/12/23,31/12/23,S001,P0083,Toys,East,109.03,20,Snowy,0,107.74,Winter,19.07
26/12/23,31/12/23,S001,P0069,Clothing,East,194.94,0,Sunny,1,198.76,Winter,13.8
26/12/23,31/12/23,S001,P0125,Clothing,East,125.43,0,Rainy,0,127.71,Winter,18.87
26/12/23,31/12/23,S001,P0017,Toys,East,112.01,0,Sunny,1,114.62,Winter,23.21
26/12/23,31/12/23,S001,P0149,Furniture,East,133.53,15,Rainy,0,127.53,Winter,13.01
26/12/23,31/12/23,S001,P0094,Groceries,East,154.73,20,Sunny,1,151.77,Winter,15.3
26/12/23,31/12/23,S001,P0066,Clothing,East,139.3,5,Snowy,0,133.18,Winter,13.45
26/12/23,31/12/23,S001,P0061,Clothing,East,170.33,15,Sunny,0,172.87,Winter,10.05
26/12/23,31/12/23,S001,P0085,Electronics,East,134.19,20,Sunny,0,133.83,Winter,18.48
26/12/23,31/12/23,S001,P0068,Electronics,East,120.15,10,Cloudy,0,116.47,Winter,18.39
26/12/23,31/12/23,S001,P0126,Clothing,East,192.52,0,Rainy,1,200.07,Winter,15.32
26/12/23,31/12/23,S001,P0133,Clothing,East,191.76,5,Cloudy,0,188.48,Winter,9.39
26/12/23,31/12/23,S002,P0096,Toys,West,87.71,15,Cloudy,1,90.17,Winter,32.11
26/12/23,31/12/23,S002,P0016,Clothing,West,92.56,20,Rainy,0,94.86,Winter,23.14
26/12/23,31/12/23,S002,P0031,Electronics,West,115.76,15,Sunny,1,117.3,Winter,24.73
26/12/23,31/12/23,S002,P0159,Electronics,West,87.28,20,Sunny,0,85.9,Winter,29.49
26/12/23,31/12/23,S002,P0129,Furniture,West,122.08,15,Rainy,0,120.37,Winter,14.7
26/12/23,31/12/23,S002,P0116,Furniture,West,108.73,10,Cloudy,0,107.55,Winter,19.24
26/12/23,31/12/23,S002,P0070,Electronics,West,162.35,20,Rainy,0,160.75,Winter,14.13
26/12/23,31/12/23,S002,P0171,Electronics,West,160.69,10,Rainy,0,159.36,Winter,14.21
26/12/23,31/12/23,S002,P0175,Electronics,West,116.36,20,Cloudy,0,116.91,Winter,20.46
26/12/23,31/12/23,S002,P0046,Clothing,West,141.87,0,Sunny,1,137.64,Winter,19.41
26/12/23,31/12/23,S002,P0067,Furniture,West,87.04,20,Snowy,0,84.61,Winter,22.3
26/12/23,31/12/23,S002,P0183,Electronics,West,71.79,20,Rainy,0,73.77,Winter,32.18
26/12/23,31/12/23,S002,P0166,Groceries,West,85.77,5,Rainy,0,88.06,Winter,24.83
26/12/23,31/12/23,S002,P0079,Furniture,West,100.45,5,Snowy,0,101.98,Winter,19.8
26/12/23,31/12/23,S002,P0187,Clothing,West,142.95,5,Rainy,0,142.67,Winter,13.64
26/12/23,31/12/23,S002,P0178,Clothing,West,120.57,20,Sunny,0,123.82,Winter,14.71
26/12/23,31/12/23,S002,P0057,Clothing,West,125.99,15,Sunny,1,120.08,Winter,20.37
26/12/23,31/12/23,S002,P0153,Furniture,West,73.24,15,Cloudy,0,73.35,Winter,24.14
26/12/23,31/12/23,S002,P0083,Toys,West,111.74,15,Snowy,0,109.15,Winter,17.32
26/12/23,31/12/23,S002,P0069,Clothing,West,190.88,20,Rainy,0,188.42,Winter,10.19
26/12/23,31/12/23,S002,P0125,Clothing,West,131.11,5,Rainy,0,128.48,Winter,19.09
26/12/23,31/12/23,S002,P0017,Toys,West,114.06,0,Rainy,0,119.61,Winter,19.37
26/12/23,31/12/23,S002,P0149,Furniture,West,138.55,5,Sunny,0,139.27,Winter,15.07
26/12/23,31/12/23,S002,P0094,Groceries,West,163.21,20,Sunny,0,160.67,Winter,12.24
26/12/23,31/12/23,S002,P0066,Clothing,West,138.9,5,Rainy,0,136.55,Winter,16.54
26/12/23,31/12/23,S002,P0061,Clothing,West,175.88,15,Snowy,0,167.32,Winter,11.76
26/12/23,31/12/23,S002,P0085,Electronics,West,128.2,0,Rainy,0,127.71,Winter,16.23
26/12/23,31/12/23,S002,P0068,Electronics,West,127.21,5,Cloudy,0,126.64,Winter,21.03
26/12/23,31/12/23,S002,P0126,Clothing,West,180.59,10,Rainy,0,175.65,Winter,9.97
26/12/23,31/12/23,S002,P0133,Clothing,West,198.56,10,Cloudy,0,205.5,Winter,10.47
26/12/23,31/12/23,S003,P0096,Toys,North,88.4,15,Snowy,1,84.18,Winter,28.05
26/12/23,31/12/23,S003,P0016,Clothing,North,95.13,15,Cloudy,0,99.42,Winter,23.06
26/12/23,31/12/23,S003,P0031,Electronics,North,115.71,20,Rainy,0,112.45,Winter,21.03
26/12/23,31/12/23,S003,P0159,Electronics,North,82.02,20,Rainy,1,82.52,Winter,36.18
26/12/23,31/12/23,S003,P0129,Furniture,North,118.33,15,Sunny,0,122.97,Winter,15.19
26/12/23,31/12/23,S003,P0116,Furniture,North,106.6,0,Snowy,1,111.75,Winter,24.34
26/12/23,31/12/23,S003,P0070,Electronics,North,166.84,10,Cloudy,0,163.97,Winter,15.3
26/12/23,31/12/23,S003,P0171,Electronics,North,153.43,5,Snowy,0,160.01,Winter,13.01
26/12/23,31/12/23,S003,P0175,Electronics,North,123.55,0,Cloudy,0,128.21,Winter,21.11
26/12/23,31/12/23,S003,P0046,Clothing,North,142.01,15,Snowy,0,135.99,Winter,14.95
26/12/23,31/12/23,S003,P0067,Furniture,North,94.35,5,Rainy,0,93.12,Winter,22.97
26/12/23,31/12/23,S003,P0183,Electronics,North,71.01,20,Snowy,1,72.12,Winter,47.4
26/12/23,31/12/23,S003,P0166,Groceries,North,80.87,10,Rainy,0,79.89,Winter,21.3
26/12/23,31/12/23,S003,P0079,Furniture,North,102.55,20,Snowy,0,99.55,Winter,17.97
26/12/23,31/12/23,S003,P0187,Clothing,North,147.58,20,Rainy,0,150.01,Winter,14.59
26/12/23,31/12/23,S003,P0178,Clothing,North,114.74,20,Cloudy,1,109.19,Winter,20.82
26/12/23,31/12/23,S003,P0057,Clothing,North,122.44,0,Cloudy,0,127.94,Winter,17.46
26/12/23,31/12/23,S003,P0153,Furniture,North,76.33,20,Rainy,0,79.26,Winter,28.39
26/12/23,31/12/23,S003,P0083,Toys,North,111.01,20,Cloudy,1,110.8,Winter,23.28
26/12/23,31/12/23,S003,P0069,Clothing,North,206.93,0,Rainy,1,208.79,Winter,14.61
26/12/23,31/12/23,S003,P0125,Clothing,North,125.26,15,Sunny,0,125.12,Winter,17.5
26/12/23,31/12/23,S003,P0017,Toys,North,107.21,5,Snowy,0,110.87,Winter,16.87
26/12/23,31/12/23,S003,P0149,Furniture,North,133.82,0,Snowy,0,135.49,Winter,13.15
26/12/23,31/12/23,S003,P0094,Groceries,North,165.15,20,Snowy,1,160.92,Winter,14.87
26/12/23,31/12/23,S003,P0066,Clothing,North,133.93,10,Rainy,0,133.68,Winter,15.83
26/12/23,31/12/23,S003,P0061,Clothing,North,164.7,10,Sunny,0,168.12,Winter,11.68
26/12/23,31/12/23,S003,P0085,Electronics,North,131.41,10,Sunny,0,132.32,Winter,19.64
26/12/23,31/12/23,S003,P0068,Electronics,North,123.78,15,Sunny,0,117.7,Winter,17.41
26/12/23,31/12/23,S003,P0126,Clothing,North,188.16,0,Cloudy,0,188.23,Winter,10.11
26/12/23,31/12/23,S003,P0133,Clothing,North,190.9,0,Snowy,0,186.44,Winter,9.87
26/12/23,31/12/23,S004,P0096,Toys,South,85.8,0,Cloudy,0,81.55,Winter,21.96
26/12/23,31/12/23,S004,P0016,Clothing,South,94.22,20,Sunny,0,92.36,Winter,19.05
26/12/23,31/12/23,S004,P0031,Electronics,South,117.1,10,Sunny,0,115.42,Winter,22.39
26/12/23,31/12/23,S004,P0159,Electronics,South,84.72,5,Sunny,0,84.06,Winter,28.95
26/12/23,31/12/23,S004,P0129,Furniture,South,121.71,20,Rainy,0,124.54,Winter,16.45
26/12/23,31/12/23,S004,P0116,Furniture,South,104.67,15,Sunny,1,99.85,Winter,23.88
26/12/23,31/12/23,S004,P0070,Electronics,South,160.52,10,Rainy,0,158.57,Winter,15.82
26/12/23,31/12/23,S004,P0171,Electronics,South,155.62,0,Rainy,0,160.52,Winter,14.58
26/12/23,31/12/23,S004,P0175,Electronics,South,121.83,15,Cloudy,0,125.82,Winter,18.21
26/12/23,31/12/23,S004,P0046,Clothing,South,145.65,20,Cloudy,0,139.55,Winter,13.62
26/12/23,31/12/23,S004,P0067,Furniture,South,90.4,0,Snowy,0,86.23,Winter,20.09
26/12/23,31/12/23,S004,P0183,Electronics,South,69.33,5,Cloudy,0,68.51,Winter,32.31
26/12/23,31/12/23,S004,P0166,Groceries,South,81.14,10,Rainy,0,80.61,Winter,23.55
26/12/23,31/12/23,S004,P0079,Furniture,South,101.5,10,Cloudy,1,104.76,Winter,24.86
26/12/23,31/12/23,S004,P0187,Clothing,South,138.15,5,Snowy,0,143.61,Winter,12.6
26/12/23,31/12/23,S004,P0178,Clothing,South,120.64,10,Sunny,0,122.4,Winter,15.22
26/12/23,31/12/23,S004,P0057,Clothing,South,129.68,10,Sunny,0,129.19,Winter,14.41
26/12/23,31/12/23,S004,P0153,Furniture,South,78.21,5,Sunny,0,75.11,Winter,24.27
26/12/23,31/12/23,S004,P0083,Toys,South,114.19,20,Cloudy,0,115.71,Winter,19.75
26/12/23,31/12/23,S004,P0069,Clothing,South,193.78,0,Snowy,0,190.53,Winter,10.22
26/12/23,31/12/23,S004,P0125,Clothing,South,125.83,0,Cloudy,0,120.25,Winter,16.14
26/12/23,31/12/23,S004,P0017,Toys,South,108.27,10,Snowy,0,105.41,Winter,18.9
26/12/23,31/12/23,S004,P0149,Furniture,South,139.17,5,Snowy,0,138.13,Winter,14.9
26/12/23,31/12/23,S004,P0094,Groceries,South,155.11,15,Cloudy,0,161.44,Winter,11.3
26/12/23,31/12/23,S004,P0066,Clothing,South,132.16,5,Sunny,0,132.47,Winter,13.64
26/12/23,31/12/23,S004,P0061,Clothing,South,169.53,10,Rainy,0,169.83,Winter,13.19
26/12/23,31/12/23,S004,P0085,Electronics,South,128.5,20,Snowy,0,129.77,Winter,19.6
26/12/23,31/12/23,S004,P0068,Electronics,South,126.86,20,Sunny,0,130.2,Winter,19.48
26/12/23,31/12/23,S004,P0126,Clothing,South,187.94,5,Cloudy,1,181.87,Winter,14.11
26/12/23,31/12/23,S004,P0133,Clothing,South,189.03,20,Cloudy,0,181.46,Winter,10.61
26/12/23,31/12/23,S005,P0096,Toys,West,84.06,0,Cloudy,0,80.88,Winter,24.46
26/12/23,31/12/23,S005,P0016,Clothing,West,92.61,5,Rainy,0,91.1,Winter,22.23
26/12/23,31/12/23,S005,P0031,Electronics,West,116.58,10,Rainy,0,116.81,Winter,18.37
26/12/23,31/12/23,S005,P0159,Electronics,West,81.81,20,Snowy,0,80.8,Winter,30.33
26/12/23,31/12/23,S005,P0129,Furniture,West,116.61,10,Sunny,1,112.78,Winter,21.68
26/12/23,31/12/23,S005,P0116,Furniture,West,108.6,20,Snowy,1,111.29,Winter,24.88
26/12/23,31/12/23,S005,P0070,Electronics,West,162.88,10,Rainy,0,170.75,Winter,13.84
26/12/23,31/12/23,S005,P0171,Electronics,West,157.79,5,Cloudy,0,161.97,Winter,13.53
26/12/23,31/12/23,S005,P0175,Electronics,West,123.76,20,Rainy,0,129.83,Winter,18.22
26/12/23,31/12/23,S005,P0046,Clothing,West,137.93,10,Cloudy,0,138.27,Winter,14.18
26/12/23,31/12/23,S005,P0067,Furniture,West,88.88,20,Cloudy,0,87.67,Winter,21.68
26/12/23,31/12/23,S005,P0183,Electronics,West,69.66,15,Snowy,0,67.12,Winter,33.11
26/12/23,31/12/23,S005,P0166,Groceries,West,84.39,0,Snowy,0,82.38,Winter,23.76
26/12/23,31/12/23,S005,P0079,Furniture,West,103.82,0,Sunny,1,107.41,Winter,23.85
26/12/23,31/12/23,S005,P0187,Clothing,West,138.27,15,Rainy,0,133.34,Winter,13.38
26/12/23,31/12/23,S005,P0178,Clothing,West,122.06,0,Cloudy,0,122.93,Winter,15.96
26/12/23,31/12/23,S005,P0057,Clothing,West,122.71,0,Snowy,0,119.02,Winter,16.01
26/12/23,31/12/23,S005,P0153,Furniture,West,76.44,15,Cloudy,1,73.98,Winter,32.55
26/12/23,31/12/23,S005,P0083,Toys,West,114.87,20,Rainy,1,117.42,Winter,23.51
26/12/23,31/12/23,S005,P0069,Clothing,West,198.92,15,Rainy,0,196.33,Winter,11.74
26/12/23,31/12/23,S005,P0125,Clothing,West,130.47,20,Sunny,1,132.4,Winter,22.69
26/12/23,31/12/23,S005,P0017,Toys,West,105.51,5,Snowy,1,102.5,Winter,24.47
26/12/23,31/12/23,S005,P0149,Furniture,West,133.8,5,Cloudy,1,130.11,Winter,16.46
26/12/23,31/12/23,S005,P0094,Groceries,West,160.83,10,Cloudy,0,161.06,Winter,12.15
26/12/23,31/12/23,S005,P0066,Clothing,West,133.95,10,Sunny,0,138.31,Winter,13.11
26/12/23,31/12/23,S005,P0061,Clothing,West,164.62,10,Sunny,0,171.78,Winter,10.24
26/12/23,31/12/23,S005,P0085,Electronics,West,130.4,5,Snowy,1,135.58,Winter,25.0
26/12/23,31/12/23,S005,P0068,Electronics,West,118.95,0,Rainy,0,120.07,Winter,17.81
26/12/23,31/12/23,S005,P0126,Clothing,West,187.6,0,Sunny,1,191.1,Winter,12.06
26/12/23,31/12/23,S005,P0133,Clothing,West,186.7,15,Snowy,0,194.1,Winter,10.82
26/12/23,01/01/24,S001,P0096,Toys,East,85.3,20,Sunny,0,84.02,Winter,24.7
26/12/23,01/01/24,S001,P0016,Clothing,East,94.35,10,Snowy,1,95.62,Winter,25.38
26/12/23,01/01/24,S001,P0031,Electronics,East,115.6,10,Sunny,0,120.06,Winter,21.96
26/12/23,01/01/24,S001,P0159,Electronics,East,86.31,0,Cloudy,0,88.56,Winter,29.69
26/12/23,01/01/24,S001,P0129,Furniture,East,125.64,20,Snowy,0,120.43,Winter,16.13
26/12/23,01/01/24,S001,P0116,Furniture,East,110.63,0,Snowy,0,111.68,Winter,16.54
26/12/23,01/01/24,S001,P0070,Electronics,East,165.99,20,Sunny,0,170.6,Winter,15.71
26/12/23,01/01/24,S001,P0171,Electronics,East,166.19,10,Snowy,1,172.0,Winter,18.84
26/12/23,01/01/24,S001,P0175,Electronics,East,125.67,0,Snowy,0,123.39,Winter,20.32
26/12/23,01/01/24,S001,P0046,Clothing,East,146.79,0,Sunny,0,145.42,Winter,13.28
26/12/23,01/01/24,S001,P0067,Furniture,East,91.6,10,Cloudy,0,92.04,Winter,22.86
26/12/23,01/01/24,S001,P0183,Electronics,East,69.87,15,Rainy,0,67.09,Winter,34.61
26/12/23,01/01/24,S001,P0166,Groceries,East,81.63,15,Cloudy,0,82.33,Winter,22.93
26/12/23,01/01/24,S001,P0079,Furniture,East,102.99,5,Snowy,1,98.05,Winter,23.13
26/12/23,01/01/24,S001,P0187,Clothing,East,149.89,15,Cloudy,1,143.05,Winter,16.26
26/12/23,01/01/24,S001,P0178,Clothing,East,121.72,0,Rainy,1,126.97,Winter,22.68
26/12/23,01/01/24,S001,P0057,Clothing,East,127.97,20,Cloudy,0,121.89,Winter,17.56
26/12/23,01/01/24,S001,P0153,Furniture,East,73.02,10,Sunny,0,71.31,Winter,26.71
26/12/23,01/01/24,S001,P0083,Toys,East,106.85,0,Sunny,0,104.36,Winter,17.48
26/12/23,01/01/24,S001,P0069,Clothing,East,208.27,5,Cloudy,0,200.88,Winter,9.15
26/12/23,01/01/24,S001,P0125,Clothing,East,128.11,0,Cloudy,0,123.83,Winter,16.62
26/12/23,01/01/24,S001,P0017,Toys,East,114.54,5,Cloudy,1,119.97,Winter,24.58
26/12/23,01/01/24,S001,P0149,Furniture,East,136.92,0,Snowy,1,136.58,Winter,17.37
26/12/23,01/01/24,S001,P0094,Groceries,East,159.74,20,Cloudy,0,166.99,Winter,12.37
26/12/23,01/01/24,S001,P0066,Clothing,East,132.33,20,Rainy,0,132.5,Winter,15.84
26/12/23,01/01/24,S001,P0061,Clothing,East,177.48,5,Cloudy,0,173.95,Winter,11.39
26/12/23,01/01/24,S001,P0085,Electronics,East,128.05,10,Sunny,0,125.55,Winter,16.46
26/12/23,01/01/24,S001,P0068,Electronics,East,119.85,20,Sunny,0,117.94,Winter,17.63
26/12/23,01/01/24,S001,P0126,Clothing,East,184.94,10,Rainy,0,185.25,Winter,10.7
26/12/23,01/01/24,S001,P0133,Clothing,East,184.82,0,Rainy,0,181.86,Winter,11.44
26/12/23,01/01/24,S002,P0096,Toys,West,82.91,5,Rainy,0,86.01,Winter,21.98
26/12/23,01/01/24,S002,P0016,Clothing,West,95.87,20,Cloudy,0,93.02,Winter,22.74
26/12/23,01/01/24,S002,P0031,Electronics,West,111.9,5,Rainy,0,106.45,Winter,19.34
26/12/23,01/01/24,S002,P0159,Electronics,West,85.55,20,Snowy,0,82.69,Winter,26.35
26/12/23,01/01/24,S002,P0129,Furniture,West,124.25,15,Sunny,0,130.26,Winter,15.91
26/12/23,01/01/24,S002,P0116,Furniture,West,104.57,15,Snowy,0,101.73,Winter,17.77
26/12/23,01/01/24,S002,P0070,Electronics,West,154.64,20,Snowy,0,147.91,Winter,14.6
26/12/23,01/01/24,S002,P0171,Electronics,West,153.36,0,Snowy,0,150.82,Winter,14.79
26/12/23,01/01/24,S002,P0175,Electronics,West,121.9,5,Snowy,0,115.82,Winter,17.96
26/12/23,01/01/24,S002,P0046,Clothing,West,142.89,5,Rainy,0,139.66,Winter,16.55
26/12/23,01/01/24,S002,P0067,Furniture,West,86.78,20,Sunny,0,82.93,Winter,20.87
26/12/23,01/01/24,S002,P0183,Electronics,West,71.52,10,Rainy,1,74.35,Winter,47.67
26/12/23,01/01/24,S002,P0166,Groceries,West,85.23,20,Cloudy,1,87.67,Winter,27.28
26/12/23,01/01/24,S002,P0079,Furniture,West,107.35,20,Snowy,1,106.39,Winter,25.25
26/12/23,01/01/24,S002,P0187,Clothing,West,140.83,5,Sunny,0,139.54,Winter,13.46
26/12/23,01/01/24,S002,P0178,Clothing,West,122.75,0,Cloudy,0,128.22,Winter,17.19
26/12/23,01/01/24,S002,P0057,Clothing,West,119.13,10,Snowy,0,124.45,Winter,16.04
26/12/23,01/01/24,S002,P0153,Furniture,West,75.29,0,Cloudy,0,77.91,Winter,23.48
26/12/23,01/01/24,S002,P0083,Toys,West,110.89,0,Rainy,0,105.93,Winter,17.61
26/12/23,01/01/24,S002,P0069,Clothing,West,192.52,10,Sunny,0,195.57,Winter,10.66
26/12/23,01/01/24,S002,P0125,Clothing,West,125.85,10,Cloudy,0,127.24,Winter,17.51
26/12/23,01/01/24,S002,P0017,Toys,West,108.59,0,Snowy,1,114.02,Winter,23.93
26/12/23,01/01/24,S002,P0149,Furniture,West,132.58,15,Rainy,0,128.52,Winter,14.11
26/12/23,01/01/24,S002,P0094,Groceries,West,159.96,20,Snowy,0,159.43,Winter,11.25
26/12/23,01/01/24,S002,P0066,Clothing,West,135.82,5,Snowy,0,139.98,Winter,14.47
26/12/23,01/01/24,S002,P0061,Clothing,West,168.64,0,Rainy,0,171.48,Winter,12.24
26/12/23,01/01/24,S002,P0085,Electronics,West,133.71,10,Rainy,1,133.71,Winter,21.39
26/12/23,01/01/24,S002,P0068,Electronics,West,124.02,5,Cloudy,0,120.76,Winter,21.0
26/12/23,01/01/24,S002,P0126,Clothing,West,182.45,5,Snowy,0,188.3,Winter,9.42
26/12/23,01/01/24,S002,P0133,Clothing,West,190.59,15,Rainy,0,193.39,Winter,11.76
26/12/23,01/01/24,S003,P0096,Toys,North,81.02,10,Cloudy,0,83.24,Winter,22.88
26/12/23,01/01/24,S003,P0016,Clothing,North,90.73,0,Cloudy,0,94.24,Winter,18.99
26/12/23,01/01/24,S003,P0031,Electronics,North,118.56,10,Cloudy,1,117.86,Winter,25.36
26/12/23,01/01/24,S003,P0159,Electronics,North,84.72,20,Rainy,0,81.56,Winter,26.69
26/12/23,01/01/24,S003,P0129,Furniture,North,116.32,5,Snowy,0,119.59,Winter,17.23
26/12/23,01/01/24,S003,P0116,Furniture,North,111.2,10,Snowy,1,113.25,Winter,25.17
26/12/23,01/01/24,S003,P0070,Electronics,North,152.55,10,Cloudy,1,155.36,Winter,18.91
26/12/23,01/01/24,S003,P0171,Electronics,North,157.71,10,Sunny,0,156.37,Winter,15.51
26/12/23,01/01/24,S003,P0175,Electronics,North,124.01,20,Rainy,0,124.15,Winter,17.9
26/12/23,01/01/24,S003,P0046,Clothing,North,138.3,0,Snowy,0,140.87,Winter,14.89
26/12/23,01/01/24,S003,P0067,Furniture,North,89.43,10,Rainy,1,93.3,Winter,30.1
26/12/23,01/01/24,S003,P0183,Electronics,North,69.25,5,Cloudy,0,67.81,Winter,36.04
26/12/23,01/01/24,S003,P0166,Groceries,North,83.49,0,Sunny,0,86.36,Winter,20.91
26/12/23,01/01/24,S003,P0079,Furniture,North,106.91,15,Sunny,1,103.52,Winter,25.23
26/12/23,01/01/24,S003,P0187,Clothing,North,140.46,15,Snowy,1,137.22,Winter,15.75
26/12/23,01/01/24,S003,P0178,Clothing,North,125.37,0,Rainy,0,127.67,Winter,16.86
26/12/23,01/01/24,S003,P0057,Clothing,North,121.27,0,Cloudy,1,117.96,Winter,18.89
26/12/23,01/01/24,S003,P0153,Furniture,North,75.84,10,Snowy,0,77.17,Winter,25.55
26/12/23,01/01/24,S003,P0083,Toys,North,111.72,0,Cloudy,1,114.74,Winter,22.42
26/12/23,01/01/24,S003,P0069,Clothing,North,203.08,15,Snowy,0,197.43,Winter,10.74
26/12/23,01/01/24,S003,P0125,Clothing,North,122.75,5,Rainy,0,123.0,Winter,16.4
26/12/23,01/01/24,S003,P0017,Toys,North,110.41,10,Snowy,0,106.1,Winter,19.1
26/12/23,01/01/24,S003,P0149,Furniture,North,141.24,0,Sunny,0,137.95,Winter,14.71
26/12/23,01/01/24,S003,P0094,Groceries,North,164.38,10,Snowy,1,161.55,Winter,16.75
26/12/23,01/01/24,S003,P0066,Clothing,North,140.88,5,Rainy,0,139.27,Winter,16.5
26/12/23,01/01/24,S003,P0061,Clothing,North,173.69,10,Rainy,0,181.25,Winter,11.49
26/12/23,01/01/24,S003,P0085,Electronics,North,133.67,15,Rainy,0,131.31,Winter,16.97
26/12/23,01/01/24,S003,P0068,Electronics,North,123.07,0,Cloudy,0,128.19,Winter,19.31
26/12/23,01/01/24,S003,P0126,Clothing,North,178.86,5,Cloudy,1,183.88,Winter,13.38
26/12/23,01/01/24,S003,P0133,Clothing,North,189.99,20,Sunny,0,187.14,Winter,10.1
26/12/23,01/01/24,S004,P0096,Toys,South,84.71,15,Snowy,0,86.82,Winter,24.81
26/12/23,01/01/24,S004,P0016,Clothing,South,92.9,20,Cloudy,0,94.46,Winter,21.01
26/12/23,01/01/24,S004,P0031,Electronics,South,110.45,5,Cloudy,0,105.58,Winter,19.25
26/12/23,01/01/24,S004,P0159,Electronics,South,85.25,10,Sunny,0,81.21,Winter,27.97
26/12/23,01/01/24,S004,P0129,Furniture,South,114.13,15,Sunny,0,114.59,Winter,14.65
26/12/23,01/01/24,S004,P0116,Furniture,South,111.5,0,Sunny,0,110.7,Winter,16.87
26/12/23,01/01/24,S004,P0070,Electronics,South,167.84,20,Snowy,1,162.2,Winter,19.03
26/12/23,01/01/24,S004,P0171,Electronics,South,152.76,0,Sunny,1,145.31,Winter,20.19
26/12/23,01/01/24,S004,P0175,Electronics,South,118.29,5,Rainy,1,113.05,Winter,22.64
26/12/23,01/01/24,S004,P0046,Clothing,South,135.71,5,Cloudy,1,129.43,Winter,17.3
26/12/23,01/01/24,S004,P0067,Furniture,South,89.98,0,Cloudy,0,85.61,Winter,23.85
26/12/23,01/01/24,S004,P0183,Electronics,South,68.02,5,Cloudy,0,65.5,Winter,35.67
26/12/23,01/01/24,S004,P0166,Groceries,South,87.36,10,Sunny,0,89.42,Winter,21.9
26/12/23,01/01/24,S004,P0079,Furniture,South,99.85,5,Cloudy,0,95.64,Winter,20.49
26/12/23,01/01/24,S004,P0187,Clothing,South,148.3,5,Snowy,0,155.01,Winter,14.15
26/12/23,01/01/24,S004,P0178,Clothing,South,124.56,15,Snowy,1,130.35,Winter,20.96
26/12/23,01/01/24,S004,P0057,Clothing,South,124.05,15,Snowy,1,125.38,Winter,20.58
26/12/23,01/01/24,S004,P0153,Furniture,South,77.39,15,Cloudy,0,77.55,Winter,26.02
26/12/23,01/01/24,S004,P0083,Toys,South,111.56,20,Cloudy,1,110.88,Winter,24.89
26/12/23,01/01/24,S004,P0069,Clothing,South,207.21,20,Snowy,1,209.8,Winter,13.47
26/12/23,01/01/24,S004,P0125,Clothing,South,124.9,5,Rainy,0,129.79,Winter,18.37
26/12/23,01/01/24,S004,P0017,Toys,South,110.11,10,Snowy,1,109.83,Winter,21.1
26/12/23,01/01/24,S004,P0149,Furniture,South,135.53,20,Cloudy,0,130.98,Winter,14.07
26/12/23,01/01/24,S004,P0094,Groceries,South,163.52,0,Sunny,1,170.21,Winter,15.7
26/12/23,01/01/24,S004,P0066,Clothing,South,135.81,10,Sunny,0,130.62,Winter,13.69
26/12/23,01/01/24,S004,P0061,Clothing,South,165.44,0,Rainy,1,163.64,Winter,15.18
26/12/23,01/01/24,S004,P0085,Electronics,South,126.82,10,Rainy,0,128.09,Winter,17.96
26/12/23,01/01/24,S004,P0068,Electronics,South,121.27,5,Sunny,1,122.32,Winter,23.29
26/12/23,01/01/24,S004,P0126,Clothing,South,185.17,10,Rainy,0,178.14,Winter,11.88
26/12/23,01/01/24,S004,P0133,Clothing,South,192.51,15,Sunny,0,196.71,Winter,10.22
26/12/23,01/01/24,S005,P0096,Toys,West,81.33,20,Snowy,0,84.32,Winter,23.54
26/12/23,01/01/24,S005,P0016,Clothing,West,92.18,15,Sunny,0,96.34,Winter,22.1
26/12/23,01/01/24,S005,P0031,Electronics,West,114.29,10,Sunny,0,116.48,Winter,19.28
26/12/23,01/01/24,S005,P0159,Electronics,West,81.32,20,Cloudy,0,77.83,Winter,27.44
26/12/23,01/01/24,S005,P0129,Furniture,West,114.69,20,Rainy,0,115.74,Winter,15.31
26/12/23,01/01/24,S005,P0116,Furniture,West,108.55,5,Sunny,1,113.87,Winter,25.56
26/12/23,01/01/24,S005,P0070,Electronics,West,158.69,15,Snowy,0,153.21,Winter,13.87
26/12/23,01/01/24,S005,P0171,Electronics,West,156.73,10,Rainy,0,162.09,Winter,13.06
26/12/23,01/01/24,S005,P0175,Electronics,West,125.88,10,Cloudy,0,121.75,Winter,18.11
26/12/23,01/01/24,S005,P0046,Clothing,West,135.44,5,Snowy,1,131.38,Winter,17.39
26/12/23,01/01/24,S005,P0067,Furniture,West,87.43,20,Snowy,0,86.21,Winter,19.87
26/12/23,01/01/24,S005,P0183,Electronics,West,72.27,5,Snowy,1,73.04,Winter,44.36
26/12/23,01/01/24,S005,P0166,Groceries,West,88.52,20,Snowy,0,90.27,Winter,20.91
26/12/23,01/01/24,S005,P0079,Furniture,West,102.8,0,Sunny,0,98.74,Winter,17.89
26/12/23,01/01/24,S005,P0187,Clothing,West,140.05,20,Sunny,0,146.72,Winter,13.1
26/12/23,01/01/24,S005,P0178,Clothing,West,119.24,20,Rainy,0,124.85,Winter,16.0
26/12/23,01/01/24,S005,P0057,Clothing,West,119.03,5,Rainy,0,114.51,Winter,16.73
26/12/23,01/01/24,S005,P0153,Furniture,West,74.78,20,Cloudy,1,76.2,Winter,31.19
26/12/23,01/01/24,S005,P0083,Toys,West,105.9,5,Rainy,0,109.62,Winter,18.29
26/12/23,01/01/24,S005,P0069,Clothing,West,199.83,0,Snowy,0,202.02,Winter,10.42
26/12/23,01/01/24,S005,P0125,Clothing,West,130.78,20,Snowy,0,129.76,Winter,16.16
26/12/23,01/01/24,S005,P0017,Toys,West,113.59,5,Cloudy,0,111.62,Winter,17.36
26/12/23,01/01/24,S005,P0149,Furniture,West,134.95,5,Snowy,0,141.12,Winter,13.32
26/12/23,01/01/24,S005,P0094,Groceries,West,160.87,5,Snowy,0,166.36,Winter,13.07
26/12/23,01/01/24,S005,P0066,Clothing,West,138.71,5,Sunny,0,140.97,Winter,13.6
26/12/23,01/01/24,S005,P0061,Clothing,West,166.01,5,Rainy,0,158.41,Winter,11.75
26/12/23,01/01/24,S005,P0085,Electronics,West,128.91,10,Sunny,0,131.38,Winter,18.81
26/12/23,01/01/24,S005,P0068,Electronics,West,119.49,15,Cloudy,0,120.6,Winter,20.91
26/12/23,01/01/24,S005,P0126,Clothing,West,189.29,10,Cloudy,0,185.59,Winter,10.02
26/12/23,01/01/24,S005,P0133,Clothing,West,198.92,5,Cloudy,0,204.17,Winter,10.51
26/12/23,02/01/24,S001,P0096,Toys,East,84.38,15,Cloudy,1,81.53,Winter,32.54
26/12/23,02/01/24,S001,P0016,Clothing,East,90.3,5,Cloudy,0,88.16,Winter,21.18
26/12/23,02/01/24,S001,P0031,Electronics,East,111.76,5,Sunny,0,112.42,Winter,19.54
26/12/23,02/01/24,S001,P0159,Electronics,East,80.92,20,Cloudy,0,78.01,Winter,25.1
26/12/23,02/01/24,S001,P0129,Furniture,East,125.34,10,Sunny,1,120.92,Winter,22.58
26/12/23,02/01/24,S001,P0116,Furniture,East,114.63,15,Cloudy,0,117.96,Winter,17.44
26/12/23,02/01/24,S001,P0070,Electronics,East,166.95,15,Cloudy,1,159.14,Winter,19.06
26/12/23,02/01/24,S001,P0171,Electronics,East,155.03,0,Snowy,0,153.53,Winter,14.01
26/12/23,02/01/24,S001,P0175,Electronics,East,118.42,10,Cloudy,0,116.53,Winter,20.18
26/12/23,02/01/24,S001,P0046,Clothing,East,135.66,15,Sunny,0,140.31,Winter,15.27
26/12/23,02/01/24,S001,P0067,Furniture,East,93.23,0,Sunny,0,95.36,Winter,22.24
26/12/23,02/01/24,S001,P0183,Electronics,East,71.02,0,Sunny,0,74.19,Winter,31.98
26/12/23,02/01/24,S001,P0166,Groceries,East,85.54,20,Snowy,0,84.44,Winter,22.08
26/12/23,02/01/24,S001,P0079,Furniture,East,109.09,0,Rainy,0,109.05,Winter,17.56
26/12/23,02/01/24,S001,P0187,Clothing,East,150.39,15,Snowy,0,144.0,Winter,12.45
26/12/23,02/01/24,S001,P0178,Clothing,East,117.1,0,Snowy,0,119.21,Winter,15.71
26/12/23,02/01/24,S001,P0057,Clothing,East,125.51,0,Cloudy,0,122.81,Winter,17.34
26/12/23,02/01/24,S001,P0153,Furniture,East,72.37,10,Rainy,0,73.74,Winter,27.83
26/12/23,02/01/24,S001,P0083,Toys,East,110.77,0,Snowy,0,115.49,Winter,17.51
26/12/23,02/01/24,S001,P0069,Clothing,East,198.16,20,Cloudy,0,197.46,Winter,10.28
26/12/23,02/01/24,S001,P0125,Clothing,East,122.5,5,Snowy,0,128.16,Winter,15.63
26/12/23,02/01/24,S001,P0017,Toys,East,105.11,0,Snowy,0,103.15,Winter,19.36
26/12/23,02/01/24,S001,P0149,Furniture,East,141.48,0,Cloudy,0,147.17,Winter,14.42
26/12/23,02/01/24,S001,P0094,Groceries,East,164.0,15,Snowy,1,170.37,Winter,16.68
26/12/23,02/01/24,S001,P0066,Clothing,East,128.41,5,Snowy,0,130.87,Winter,13.32
26/12/23,02/01/24,S001,P0061,Clothing,East,175.21,20,Rainy,1,182.51,Winter,14.41
26/12/23,02/01/24,S001,P0085,Electronics,East,133.92,20,Cloudy,1,134.57,Winter,21.33
26/12/23,02/01/24,S001,P0068,Electronics,East,128.97,15,Rainy,1,135.17,Winter,23.52
26/12/23,02/01/24,S001,P0126,Clothing,East,194.25,20,Cloudy,0,203.07,Winter,10.65
26/12/23,02/01/24,S001,P0133,Clothing,East,183.35,5,Rainy,0,181.3,Winter,10.46
26/12/23,02/01/24,S002,P0096,Toys,West,85.69,10,Sunny,0,86.88,Winter,23.0
26/12/23,02/01/24,S002,P0016,Clothing,West,88.89,0,Snowy,0,88.78,Winter,19.22
26/12/23,02/01/24,S002,P0031,Electronics,West,114.13,5,Sunny,0,112.2,Winter,21.85
26/12/23,02/01/24,S002,P0159,Electronics,West,89.14,0,Sunny,0,91.99,Winter,27.66
26/12/23,02/01/24,S002,P0129,Furniture,West,120.34,10,Sunny,0,114.45,Winter,15.66
26/12/23,02/01/24,S002,P0116,Furniture,West,107.13,15,Sunny,0,110.72,Winter,17.62
26/12/23,02/01/24,S002,P0070,Electronics,West,160.33,15,Rainy,0,164.55,Winter,14.8
26/12/23,02/01/24,S002,P0171,Electronics,West,161.31,15,Rainy,1,168.79,Winter,19.55
26/12/23,02/01/24,S002,P0175,Electronics,West,118.47,15,Snowy,0,122.46,Winter,20.56
26/12/23,02/01/24,S002,P0046,Clothing,West,137.88,10,Rainy,0,137.63,Winter,15.68
26/12/23,02/01/24,S002,P0067,Furniture,West,91.56,5,Rainy,0,88.49,Winter,21.76
26/12/23,02/01/24,S002,P0183,Electronics,West,72.84,5,Snowy,1,69.5,Winter,40.37
26/12/23,02/01/24,S002,P0166,Groceries,West,81.71,0,Rainy,1,77.74,Winter,27.01
26/12/23,02/01/24,S002,P0079,Furniture,West,99.76,15,Cloudy,0,98.52,Winter,19.21
26/12/23,02/01/24,S002,P0187,Clothing,West,137.78,20,Rainy,0,137.39,Winter,13.58
26/12/23,02/01/24,S002,P0178,Clothing,West,115.48,15,Sunny,0,116.98,Winter,16.91
26/12/23,02/01/24,S002,P0057,Clothing,West,126.9,20,Sunny,0,132.4,Winter,14.6
26/12/23,02/01/24,S002,P0153,Furniture,West,76.65,10,Cloudy,0,75.56,Winter,26.59
26/12/23,02/01/24,S002,P0083,Toys,West,114.91,0,Cloudy,1,110.25,Winter,24.13
26/12/23,02/01/24,S002,P0069,Clothing,West,199.67,20,Cloudy,0,191.21,Winter,10.76
26/12/23,02/01/24,S002,P0125,Clothing,West,123.81,15,Sunny,0,118.91,Winter,17.08
26/12/23,02/01/24,S002,P0017,Toys,West,106.57,10,Snowy,0,101.49,Winter,17.77
26/12/23,02/01/24,S002,P0149,Furniture,West,132.5,20,Rainy,0,133.7,Winter,13.21
26/12/23,02/01/24,S002,P0094,Groceries,West,163.59,0,Snowy,0,165.28,Winter,12.75
26/12/23,02/01/24,S002,P0066,Clothing,West,139.07,5,Cloudy,1,144.32,Winter,17.54
26/12/23,02/01/24,S002,P0061,Clothing,West,164.72,5,Sunny,0,168.11,Winter,11.39
26/12/23,02/01/24,S002,P0085,Electronics,West,136.16,10,Rainy,0,132.63,Winter,17.76
26/12/23,02/01/24,S002,P0068,Electronics,West,123.13,5,Cloudy,0,122.0,Winter,17.96
26/12/23,02/01/24,S002,P0126,Clothing,West,184.39,20,Cloudy,0,175.79,Winter,10.36
26/12/23,02/01/24,S002,P0133,Clothing,West,199.45,5,Snowy,0,193.72,Winter,10.86
26/12/23,02/01/24,S003,P0096,Toys,North,83.64,0,Rainy,0,79.74,Winter,24.87
26/12/23,02/01/24,S003,P0016,Clothing,North,91.66,10,Cloudy,1,92.41,Winter,26.21
26/12/23,02/01/24,S003,P0031,Electronics,North,112.71,5,Snowy,1,117.49,Winter,25.64
26/12/23,02/01/24,S003,P0159,Electronics,North,82.49,5,Sunny,0,78.92,Winter,28.14
26/12/23,02/01/24,S003,P0129,Furniture,North,115.54,5,Cloudy,0,111.14,Winter,16.02
26/12/23,02/01/24,S003,P0116,Furniture,North,109.91,20,Rainy,0,104.72,Winter,16.56
26/12/23,02/01/24,S003,P0070,Electronics,North,158.78,15,Rainy,0,163.97,Winter,15.68
26/12/23,02/01/24,S003,P0171,Electronics,North,154.63,5,Snowy,0,154.67,Winter,13.99
26/12/23,02/01/24,S003,P0175,Electronics,North,120.56,10,Cloudy,0,123.46,Winter,19.8
26/12/23,02/01/24,S003,P0046,Clothing,North,138.56,20,Sunny,1,138.54,Winter,18.71
26/12/23,02/01/24,S003,P0067,Furniture,North,88.82,20,Cloudy,0,87.95,Winter,23.73
26/12/23,02/01/24,S003,P0183,Electronics,North,69.51,10,Sunny,0,69.81,Winter,30.88
26/12/23,02/01/24,S003,P0166,Groceries,North,84.96,20,Cloudy,0,83.49,Winter,21.03
26/12/23,02/01/24,S003,P0079,Furniture,North,104.86,0,Rainy,0,100.24,Winter,18.89
26/12/23,02/01/24,S003,P0187,Clothing,North,149.73,5,Sunny,0,143.95,Winter,12.44
26/12/23,02/01/24,S003,P0178,Clothing,North,120.6,10,Snowy,0,125.0,Winter,15.38
26/12/23,02/01/24,S003,P0057,Clothing,North,126.74,0,Cloudy,0,128.73,Winter,16.81
26/12/23,02/01/24,S003,P0153,Furniture,North,78.05,0,Snowy,0,77.64,Winter,27.84
26/12/23,02/01/24,S003,P0083,Toys,North,105.06,5,Sunny,0,106.59,Winter,18.13
26/12/23,02/01/24,S003,P0069,Clothing,North,203.27,0,Sunny,0,209.68,Winter,10.84
26/12/23,02/01/24,S003,P0125,Clothing,North,125.81,5,Rainy,0,123.35,Winter,18.98
26/12/23,02/01/24,S003,P0017,Toys,North,110.97,10,Rainy,0,107.89,Winter,18.35
26/12/23,02/01/24,S003,P0149,Furniture,North,133.41,15,Rainy,0,133.82,Winter,14.39
26/12/23,02/01/24,S003,P0094,Groceries,North,159.26,15,Sunny,0,160.88,Winter,11.53
26/12/23,02/01/24,S003,P0066,Clothing,North,129.8,0,Sunny,0,127.0,Winter,14.48
26/12/23,02/01/24,S003,P0061,Clothing,North,173.12,15,Cloudy,0,171.4,Winter,10.6
26/12/23,02/01/24,S003,P0085,Electronics,North,129.5,5,Sunny,1,131.66,Winter,23.77
26/12/23,02/01/24,S003,P0068,Electronics,North,129.56,5,Rainy,1,131.75,Winter,24.25
26/12/23,02/01/24,S003,P0126,Clothing,North,185.73,10,Rainy,1,189.46,Winter,14.54
26/12/23,02/01/24,S003,P0133,Clothing,North,189.25,0,Cloudy,0,187.9,Winter,9.56
26/12/23,02/01/24,S004,P0096,Toys,South,88.62,0,Cloudy,0,88.96,Winter,24.51
26/12/23,02/01/24,S004,P0016,Clothing,South,95.59,5,Cloudy,0,93.72,Winter,19.97
26/12/23,02/01/24,S004,P0031,Electronics,South,116.56,0,Rainy,0,113.96,Winter,19.42
26/12/23,02/01/24,S004,P0159,Electronics,South,87.58,5,Sunny,0,85.3,Winter,26.26
26/12/23,02/01/24,S004,P0129,Furniture,South,125.99,15,Sunny,0,123.73,Winter,15.37
26/12/23,02/01/24,S004,P0116,Furniture,South,105.11,0,Snowy,0,109.76,Winter,19.18
26/12/23,02/01/24,S004,P0070,Electronics,South,153.08,15,Rainy,0,148.92,Winter,13.55
26/12/23,02/01/24,S004,P0171,Electronics,South,156.11,20,Cloudy,0,163.47,Winter,14.67
26/12/23,02/01/24,S004,P0175,Electronics,South,123.62,5,Sunny,0,125.67,Winter,20.06
26/12/23,02/01/24,S004,P0046,Clothing,South,133.06,20,Cloudy,0,139.64,Winter,12.93
26/12/23,02/01/24,S004,P0067,Furniture,South,87.4,5,Rainy,0,89.52,Winter,23.68
26/12/23,02/01/24,S004,P0183,Electronics,South,70.23,15,Snowy,0,73.13,Winter,31.61
26/12/23,02/01/24,S004,P0166,Groceries,South,89.16,10,Snowy,0,89.66,Winter,21.06
26/12/23,02/01/24,S004,P0079,Furniture,South,100.01,5,Snowy,0,99.88,Winter,17.89
26/12/23,02/01/24,S004,P0187,Clothing,South,147.82,5,Sunny,0,154.07,Winter,12.58
26/12/23,02/01/24,S004,P0178,Clothing,South,114.74,0,Cloudy,0,111.83,Winter,15.67
26/12/23,02/01/24,S004,P0057,Clothing,South,128.91,15,Rainy,0,128.38,Winter,17.71
26/12/23,02/01/24,S004,P0153,Furniture,South,71.61,0,Snowy,0,73.78,Winter,25.59
26/12/23,02/01/24,S004,P0083,Toys,South,112.15,15,Cloudy,1,110.18,Winter,23.82
26/12/23,02/01/24,S004,P0069,Clothing,South,203.6,20,Cloudy,0,200.57,Winter,9.49
26/12/23,02/01/24,S004,P0125,Clothing,South,130.91,20,Cloudy,0,131.0,Winter,14.68
26/12/23,02/01/24,S004,P0017,Toys,South,113.63,5,Snowy,1,116.72,Winter,23.1
26/12/23,02/01/24,S004,P0149,Furniture,South,135.71,15,Snowy,1,137.58,Winter,19.26
26/12/23,02/01/24,S004,P0094,Groceries,South,163.57,20,Sunny,0,162.6,Winter,12.16
26/12/23,02/01/24,S004,P0066,Clothing,South,131.87,10,Rainy,0,138.29,Winter,14.51
26/12/23,02/01/24,S004,P0061,Clothing,South,166.92,10,Snowy,0,167.35,Winter,11.69
26/12/23,02/01/24,S004,P0085,Electronics,South,127.03,0,Snowy,0,130.94,Winter,18.96
26/12/23,02/01/24,S004,P0068,Electronics,South,125.11,0,Sunny,0,124.68,Winter,19.65
26/12/23,02/01/24,S004,P0126,Clothing,South,180.67,0,Cloudy,0,177.85,Winter,9.62
26/12/23,02/01/24,S004,P0133,Clothing,South,191.2,0,Rainy,1,199.45,Winter,13.84
26/12/23,02/01/24,S005,P0096,Toys,West,88.45,20,Sunny,1,89.34,Winter,26.94
26/12/23,02/01/24,S005,P0016,Clothing,West,95.75,20,Sunny,0,96.49,Winter,19.69
26/12/23,02/01/24,S005,P0031,Electronics,West,113.78,20,Sunny,0,113.22,Winter,22.13
26/12/23,02/01/24,S005,P0159,Electronics,West,87.15,0,Cloudy,0,82.84,Winter,27.93
26/12/23,02/01/24,S005,P0129,Furniture,West,119.6,5,Snowy,1,119.71,Winter,20.75
26/12/23,02/01/24,S005,P0116,Furniture,West,105.9,0,Snowy,0,102.96,Winter,16.44
26/12/23,02/01/24,S005,P0070,Electronics,West,158.99,0,Rainy,1,158.25,Winter,19.89
26/12/23,02/01/24,S005,P0171,Electronics,West,162.49,0,Rainy,1,162.17,Winter,20.43
26/12/23,02/01/24,S005,P0175,Electronics,West,123.76,20,Sunny,0,126.26,Winter,17.9
26/12/23,02/01/24,S005,P0046,Clothing,West,138.57,5,Snowy,0,132.25,Winter,12.78
26/12/23,02/01/24,S005,P0067,Furniture,West,88.18,20,Sunny,0,88.01,Winter,21.09
26/12/23,02/01/24,S005,P0183,Electronics,West,67.86,5,Sunny,0,68.71,Winter,35.27
26/12/23,02/01/24,S005,P0166,Groceries,West,88.13,15,Rainy,0,90.19,Winter,22.66
26/12/23,02/01/24,S005,P0079,Furniture,West,107.76,0,Sunny,0,109.61,Winter,17.46
26/12/23,02/01/24,S005,P0187,Clothing,West,143.8,0,Rainy,0,149.65,Winter,15.53
26/12/23,02/01/24,S005,P0178,Clothing,West,119.41,15,Sunny,0,119.05,Winter,17.0
26/12/23,02/01/24,S005,P0057,Clothing,West,119.93,20,Rainy,0,123.81,Winter,18.64
26/12/23,02/01/24,S005,P0153,Furniture,West,75.43,5,Rainy,0,74.68,Winter,26.27
26/12/23,02/01/24,S005,P0083,Toys,West,106.97,0,Sunny,1,104.38,Winter,24.8
26/12/23,02/01/24,S005,P0069,Clothing,West,209.74,5,Rainy,1,202.56,Winter,14.16
26/12/23,02/01/24,S005,P0125,Clothing,West,121.92,0,Sunny,0,122.21,Winter,15.87
26/12/23,02/01/24,S005,P0017,Toys,West,110.01,5,Snowy,0,113.96,Winter,18.86
26/12/23,02/01/24,S005,P0149,Furniture,West,140.95,15,Cloudy,0,135.42,Winter,13.51
26/12/23,02/01/24,S005,P0094,Groceries,West,165.83,15,Cloudy,0,159.98,Winter,11.82
26/12/23,02/01/24,S005,P0066,Clothing,West,138.54,0,Cloudy,0,140.2,Winter,14.3
26/12/23,02/01/24,S005,P0061,Clothing,West,165.26,0,Snowy,1,160.87,Winter,13.74
26/12/23,02/01/24,S005,P0085,Electronics,West,126.25,10,Rainy,0,129.04,Winter,17.09
26/12/23,02/01/24,S005,P0068,Electronics,West,124.21,0,Snowy,1,124.49,Winter,24.2
26/12/23,02/01/24,S005,P0126,Clothing,West,193.26,20,Cloudy,0,198.55,Winter,9.29
26/12/23,02/01/24,S005,P0133,Clothing,West,195.83,0,Sunny,0,194.9,Winter,10.86
