Forecasted On,Date,Store ID,Product ID,Category,Region,Price,Discount,Weather Condition,Holiday/Promotion,Competitor Pricing,Seasonality,Demand Forecast
24/12/23,25/12/23,S001,P0096,Toys,East,63.86,20,Sunny,0,57.8,Winter,105.49
24/12/23,25/12/23,S001,P0016,Clothing,East,60.1,20,Rainy,0,65.73,Winter,218.99
24/12/23,25/12/23,S001,P0031,Electronics,East,30.49,0,Snowy,0,31.27,Winter,77.39
24/12/23,25/12/23,S001,P0159,Electronics,East,46.38,5,Rainy,1,43.7,Winter,111.5
24/12/23,25/12/23,S001,P0129,Furniture,East,84.7,10,Sunny,0,80.75,Winter,101.27
24/12/23,25/12/23,S001,P0116,Furniture,East,24.97,5,Rainy,0,24.86,Winter,94.51
24/12/23,25/12/23,S001,P0070,Electronics,East,75.71,5,Cloudy,0,79.8,Winter,82.63
24/12/23,25/12/23,S001,P0171,Electronics,East,43.4,0,Cloudy,0,43.29,Winter,92.28
24/12/23,25/12/23,S001,P0175,Electronics,East,77.84,5,Snowy,0,77.15,Winter,108.69
24/12/23,25/12/23,S001,P0046,Clothing,East,53.64,0,Sunny,0,52.48,Winter,187.72
24/12/23,25/12/23,S001,P0067,Furniture,East,84.13,0,Rainy,0,87.11,Winter,115.61
24/12/23,25/12/23,S001,P0183,Electronics,East,72.56,15,Cloudy,0,69.24,Winter,120.46
24/12/23,25/12/23,S001,P0166,Groceries,East,43.04,10,Snowy,0,47.17,Winter,119.48
24/12/23,25/12/23,S001,P0079,Furniture,East,34.37,5,Snowy,0,37.05,Winter,131.27
24/12/23,25/12/23,S001,P0187,Clothing,East,56.01,10,Cloudy,0,51.51,Winter,157.85
24/12/23,25/12/23,S001,P0178,Clothing,East,59.54,10,Rainy,0,64.13,Winter,155.18
24/12/23,25/12/23,S001,P0057,Clothing,East,80.9,20,Rainy,0,86.59,Winter,136.16
24/12/23,25/12/23,S001,P0153,Furniture,East,36.61,0,Sunny,0,40.21,Winter,94.12
24/12/23,25/12/23,S001,P0083,Toys,East,26.33,10,Cloudy,1,25.16,Winter,138.21
24/12/23,25/12/23,S001,P0069,Clothing,East,21.99,5,Sunny,0,23.38,Winter,160.66
24/12/23,25/12/23,S001,P0125,Clothing,East,33.06,10,Rainy,1,34.25,Winter,163.53
24/12/23,25/12/23,S001,P0017,Toys,East,69.37,15,Snowy,0,74.05,Winter,138.93
24/12/23,25/12/23,S001,P0149,Furniture,East,42.57,5,Cloudy,0,45.77,Winter,79.55
24/12/23,25/12/23,S001,P0094,Groceries,East,10.46,0,Rainy,0,10.26,Winter,56.28
24/12/23,25/12/23,S001,P0066,Clothing,East,21.96,0,Rainy,0,21.12,Winter,49.44
24/12/23,25/12/23,S001,P0061,Clothing,East,63.11,10,Sunny,0,68.26,Winter,170.28
24/12/23,25/12/23,S001,P0085,Electronics,East,38.31,5,Rainy,0,41.82,Winter,54.99
24/12/23,25/12/23,S001,P0068,Electronics,East,37.53,10,Sunny,0,40.48,Winter,51.85
24/12/23,25/12/23,S001,P0126,Clothing,East,30.62,0,Snowy,0,33.51,Winter,200.68
24/12/23,25/12/23,S001,P0133,Clothing,East,63.45,10,Rainy,1,68.45,Winter,248.29
24/12/23,25/12/23,S002,P0096,Toys,West,74.39,10,Cloudy,0,80.85,Winter,62.4
24/12/23,25/12/23,S002,P0016,Clothing,West,98.5,10,Rainy,0,103.17,Winter,157.04
24/12/23,25/12/23,S002,P0031,Electronics,West,15,0,Snowy,0,16.44,Winter,58.52
24/12/23,25/12/23,S002,P0159,Electronics,West,81.71,10,Snowy,0,82.35,Winter,66.79
24/12/23,25/12/23,S002,P0129,Furniture,West,58.54,20,Cloudy,0,60.88,Winter,28.95
24/12/23,25/12/23,S002,P0116,Furniture,West,94.18,10,Cloudy,0,94.88,Winter,97.79
24/12/23,25/12/23,S002,P0070,Electronics,West,83.31,10,Sunny,0,88.92,Winter,74.44
24/12/23,25/12/23,S002,P0171,Electronics,West,45.63,5,Rainy,0,44.62,Winter,41.89
24/12/23,25/12/23,S002,P0175,Electronics,West,98.24,10,Cloudy,0,98.59,Winter,105.67
24/12/23,25/12/23,S002,P0046,Clothing,West,79,20,Cloudy,0,86.11,Winter,81.55
24/12/23,25/12/23,S002,P0067,Furniture,West,11.16,20,Sunny,0,12.25,Winter,80.9
24/12/23,25/12/23,S002,P0183,Electronics,West,63.03,10,Sunny,0,59.16,Winter,57.91
24/12/23,25/12/23,S002,P0166,Groceries,West,96.16,5,Rainy,1,100.37,Winter,171.84
24/12/23,25/12/23,S002,P0079,Furniture,West,40.44,10,Rainy,0,41.38,Winter,108.57
24/12/23,25/12/23,S002,P0187,Clothing,West,99.04,15,Rainy,0,99.12,Winter,112.08
24/12/23,25/12/23,S002,P0178,Clothing,West,31.42,5,Snowy,1,34.51,Winter,183.25
24/12/23,25/12/23,S002,P0057,Clothing,West,83.37,20,Sunny,0,78.26,Winter,149.41
24/12/23,25/12/23,S002,P0153,Furniture,West,45.98,0,Snowy,0,48.39,Winter,80.07
24/12/23,25/12/23,S002,P0083,Toys,West,47.87,5,Cloudy,0,48.32,Winter,164.24
24/12/23,25/12/23,S002,P0069,Clothing,West,15.17,0,Snowy,0,14.06,Winter,89.55
24/12/23,25/12/23,S002,P0125,Clothing,West,89.61,0,Cloudy,0,82.51,Winter,166.92
24/12/23,25/12/23,S002,P0017,Toys,West,73.49,10,Rainy,1,76.62,Winter,147.78
24/12/23,25/12/23,S002,P0149,Furniture,West,91.58,10,Rainy,0,88.7,Winter,119.19
24/12/23,25/12/23,S002,P0094,Groceries,West,68.1,20,Sunny,1,69.66,Winter,118.33
24/12/23,25/12/23,S002,P0066,Clothing,West,35.55,10,Rainy,1,37.08,Winter,213.37
24/12/23,25/12/23,S002,P0061,Clothing,West,14.37,15,Snowy,0,15.8,Winter,236.88
24/12/23,25/12/23,S002,P0085,Electronics,West,82.22,10,Rainy,0,75.5,Winter,102.26
24/12/23,25/12/23,S002,P0068,Electronics,West,16.43,5,Sunny,0,15.3,Winter,133.79
24/12/23,25/12/23,S002,P0126,Clothing,West,71.97,0,Sunny,0,72.77,Winter,65.5
24/12/23,25/12/23,S002,P0133,Clothing,West,88.3,15,Cloudy,0,80.26,Winter,131.88
24/12/23,25/12/23,S003,P0096,Toys,North,99.52,10,Rainy,0,99.71,Winter,55.11
24/12/23,25/12/23,S003,P0016,Clothing,North,18.01,20,Cloudy,0,17.32,Winter,91.02
24/12/23,25/12/23,S003,P0031,Electronics,North,12.22,0,Snowy,0,11.58,Winter,64.64
24/12/23,25/12/23,S003,P0159,Electronics,North,77.27,10,Rainy,0,78.01,Winter,99.59
24/12/23,25/12/23,S003,P0129,Furniture,North,43.68,10,Cloudy,0,46.05,Winter,85.27
24/12/23,25/12/23,S003,P0116,Furniture,North,17.08,20,Cloudy,0,17.46,Winter,85.58
24/12/23,25/12/23,S003,P0070,Electronics,North,99.07,0,Rainy,0,90.95,Winter,82.66
24/12/23,25/12/23,S003,P0171,Electronics,North,94.07,15,Sunny,0,86.28,Winter,134.6
24/12/23,25/12/23,S003,P0175,Electronics,North,91.1,10,Sunny,0,99.95,Winter,106.54
24/12/23,25/12/23,S003,P0046,Clothing,North,33.12,15,Sunny,1,35.91,Winter,88.46
24/12/23,25/12/23,S003,P0067,Furniture,North,75.45,0,Cloudy,0,69.79,Winter,139.39
24/12/23,25/12/23,S003,P0183,Electronics,North,52.78,0,Cloudy,0,51.97,Winter,52.1
24/12/23,25/12/23,S003,P0166,Groceries,North,70.77,0,Cloudy,1,64.18,Winter,104.08
24/12/23,25/12/23,S003,P0079,Furniture,North,73.96,10,Snowy,0,68.38,Winter,103.26
24/12/23,25/12/23,S003,P0187,Clothing,North,85.14,10,Sunny,0,79.76,Winter,148.17
24/12/23,25/12/23,S003,P0178,Clothing,North,91.64,15,Sunny,0,98.04,Winter,78.72
24/12/23,25/12/23,S003,P0057,Clothing,North,18.95,0,Cloudy,0,18.98,Winter,128.14
24/12/23,25/12/23,S003,P0153,Furniture,North,62.35,10,Snowy,0,59.83,Winter,59.75
24/12/23,25/12/23,S003,P0083,Toys,North,75.35,0,Sunny,0,69.13,Winter,113.1
24/12/23,25/12/23,S003,P0069,Clothing,North,36,0,Rainy,0,33.15,Winter,94.25
24/12/23,25/12/23,S003,P0125,Clothing,North,34.88,0,Cloudy,0,31.6,Winter,134.65
24/12/23,25/12/23,S003,P0017,Toys,North,47.15,10,Sunny,0,46.43,Winter,159.32
24/12/23,25/12/23,S003,P0149,Furniture,North,83.74,20,Rainy,0,82.95,Winter,100.1
24/12/23,25/12/23,S003,P0094,Groceries,North,54.28,5,Snowy,0,49.7,Winter,136.68
24/12/23,25/12/23,S003,P0066,Clothing,North,43.4,0,Snowy,0,47.36,Winter,159.29
24/12/23,25/12/23,S003,P0061,Clothing,North,68.47,0,Snowy,0,75.16,Winter,103.37
24/12/23,25/12/23,S003,P0085,Electronics,North,82.45,0,Rainy,0,81.8,Winter,31.42
24/12/23,25/12/23,S003,P0068,Electronics,North,77.13,5,Snowy,0,82.39,Winter,149.82
24/12/23,25/12/23,S003,P0126,Clothing,North,74.47,20,Rainy,0,69.49,Winter,108.51
24/12/23,25/12/23,S003,P0133,Clothing,North,49.7,15,Snowy,0,45.03,Winter,143.08
24/12/23,25/12/23,S004,P0096,Toys,South,28.28,0,Sunny,0,26.11,Winter,96.11
24/12/23,25/12/23,S004,P0016,Clothing,South,64.49,10,Cloudy,0,62.03,Winter,164.98
24/12/23,25/12/23,S004,P0031,Electronics,South,76.32,0,Cloudy,0,71.84,Winter,83.54
24/12/23,25/12/23,S004,P0159,Electronics,South,23.6,10,Cloudy,0,22.59,Winter,105.88
24/12/23,25/12/23,S004,P0129,Furniture,South,11.29,0,Sunny,0,10.41,Winter,55.55
24/12/23,25/12/23,S004,P0116,Furniture,South,14.29,0,Snowy,0,13.38,Winter,115.91
24/12/23,25/12/23,S004,P0070,Electronics,South,53.54,5,Cloudy,0,52.18,Winter,138.01
24/12/23,25/12/23,S004,P0171,Electronics,South,79.64,0,Rainy,0,81.95,Winter,35.3
24/12/23,25/12/23,S004,P0175,Electronics,South,73.56,10,Sunny,0,74.59,Winter,72.71
24/12/23,25/12/23,S004,P0046,Clothing,South,82.68,0,Snowy,0,85.44,Winter,103.97
24/12/23,25/12/23,S004,P0067,Furniture,South,62.39,0,Rainy,0,68.18,Winter,128.95
24/12/23,25/12/23,S004,P0183,Electronics,South,79.23,15,Rainy,1,82.78,Winter,106.99
24/12/23,25/12/23,S004,P0166,Groceries,South,68.65,0,Rainy,0,71.12,Winter,143.13
24/12/23,25/12/23,S004,P0079,Furniture,South,85.78,20,Rainy,1,84.85,Winter,140.87
24/12/23,25/12/23,S004,P0187,Clothing,South,22.22,5,Rainy,0,23.98,Winter,86.07
24/12/23,25/12/23,S004,P0178,Clothing,South,47.07,0,Snowy,0,50.37,Winter,121.25
24/12/23,25/12/23,S004,P0057,Clothing,South,56.44,0,Sunny,0,57.31,Winter,41.4
24/12/23,25/12/23,S004,P0153,Furniture,South,79.34,5,Rainy,1,81.23,Winter,34.27
24/12/23,25/12/23,S004,P0083,Toys,South,31.51,20,Snowy,0,31.35,Winter,53.1
24/12/23,25/12/23,S004,P0069,Clothing,South,83.21,0,Snowy,1,84.22,Winter,150.64
24/12/23,25/12/23,S004,P0125,Clothing,South,88.71,5,Sunny,0,92.92,Winter,157.9
24/12/23,25/12/23,S004,P0017,Toys,South,88.99,10,Rainy,1,94.62,Winter,79.7
24/12/23,25/12/23,S004,P0149,Furniture,South,96.38,5,Sunny,0,102.15,Winter,95.11
24/12/23,25/12/23,S004,P0094,Groceries,South,37.93,0,Cloudy,0,36.85,Winter,133.02
24/12/23,25/12/23,S004,P0066,Clothing,South,84.24,0,Snowy,0,80.58,Winter,83.1
24/12/23,25/12/23,S004,P0061,Clothing,South,58.4,5,Cloudy,1,59.63,Winter,109.55
24/12/23,25/12/23,S004,P0085,Electronics,South,76.42,0,Cloudy,0,74.46,Winter,46.65
24/12/23,25/12/23,S004,P0068,Electronics,South,59.63,20,Rainy,1,64.49,Winter,88.01
24/12/23,25/12/23,S004,P0126,Clothing,South,44.23,0,Snowy,0,40.79,Winter,115.22
24/12/23,25/12/23,S004,P0133,Clothing,South,37.76,15,Sunny,1,39.61,Winter,135.32
24/12/23,25/12/23,S005,P0096,Toys,West,39.02,0,Cloudy,1,40.72,Winter,94.23
24/12/23,25/12/23,S005,P0016,Clothing,West,26.12,0,Snowy,0,28.72,Winter,173.14
24/12/23,25/12/23,S005,P0031,Electronics,West,47.51,5,Sunny,0,45.83,Winter,68.94
24/12/23,25/12/23,S005,P0159,Electronics,West,31.34,15,Cloudy,0,33.82,Winter,104.75
24/12/23,25/12/23,S005,P0129,Furniture,West,28.26,5,Snowy,0,25.74,Winter,59.54
24/12/23,25/12/23,S005,P0116,Furniture,West,63.31,20,Snowy,0,63.76,Winter,91.42
24/12/23,25/12/23,S005,P0070,Electronics,West,24.71,20,Rainy,0,22.3,Winter,94.3
24/12/23,25/12/23,S005,P0171,Electronics,West,44.86,5,Cloudy,0,44.4,Winter,107.22
24/12/23,25/12/23,S005,P0175,Electronics,West,95.5,0,Sunny,0,95.06,Winter,95.14
24/12/23,25/12/23,S005,P0046,Clothing,West,68.5,10,Rainy,0,62.46,Winter,123.3
24/12/23,25/12/23,S005,P0067,Furniture,West,34.99,10,Sunny,0,38.16,Winter,159.27
24/12/23,25/12/23,S005,P0183,Electronics,West,81.06,5,Cloudy,0,76.53,Winter,167.03
24/12/23,25/12/23,S005,P0166,Groceries,West,74.09,0,Cloudy,1,67.94,Winter,156.53
24/12/23,25/12/23,S005,P0079,Furniture,West,80.36,5,Sunny,0,86.71,Winter,105.32
24/12/23,25/12/23,S005,P0187,Clothing,West,37.44,5,Cloudy,0,38.7,Winter,228
24/12/23,25/12/23,S005,P0178,Clothing,West,65.57,0,Sunny,0,62.51,Winter,142.41
24/12/23,25/12/23,S005,P0057,Clothing,West,26.85,10,Cloudy,0,27.9,Winter,227.86
24/12/23,25/12/23,S005,P0153,Furniture,West,57.15,15,Rainy,0,51.79,Winter,125.03
24/12/23,25/12/23,S005,P0083,Toys,West,13.55,5,Rainy,0,12.69,Winter,119.3
24/12/23,25/12/23,S005,P0069,Clothing,West,66.26,0,Cloudy,0,68.6,Winter,129.7
24/12/23,25/12/23,S005,P0125,Clothing,West,75.63,20,Rainy,0,76.26,Winter,135.78
24/12/23,25/12/23,S005,P0017,Toys,West,56.94,10,Rainy,0,61.1,Winter,87.77
24/12/23,25/12/23,S005,P0149,Furniture,West,64.85,5,Sunny,0,64.59,Winter,86.89
24/12/23,25/12/23,S005,P0094,Groceries,West,43.84,10,Sunny,0,41.62,Winter,167.9
24/12/23,25/12/23,S005,P0066,Clothing,West,71.88,5,Snowy,0,67.29,Winter,81.06
24/12/23,25/12/23,S005,P0061,Clothing,West,65.1,20,Snowy,0,68.77,Winter,106.16
24/12/23,25/12/23,S005,P0085,Electronics,West,46.48,0,Cloudy,0,48.25,Winter,69.11
24/12/23,25/12/23,S005,P0068,Electronics,West,67.37,0,Sunny,0,73.89,Winter,65.14
24/12/23,25/12/23,S005,P0126,Clothing,West,89.52,10,Rainy,0,89.98,Winter,164.87
24/12/23,25/12/23,S005,P0133,Clothing,West,20.87,10,Sunny,1,21.72,Winter,55.64
24/12/23,26/12/23,S001,P0096,Toys,East,24.64,5,Sunny,0,24.81,Winter,133.84
24/12/23,26/12/23,S001,P0016,Clothing,East,28.56,0,Sunny,0,25.95,Winter,204.5
24/12/23,26/12/23,S001,P0031,Electronics,East,35.72,0,Sunny,0,38.33,Winter,101.72
24/12/23,26/12/23,S001,P0159,Electronics,East,23.69,10,Snowy,0,24.49,Winter,72.47
24/12/23,26/12/23,S001,P0129,Furniture,East,62.84,10,Sunny,0,66.54,Winter,99.07
24/12/23,26/12/23,S001,P0116,Furniture,East,88.69,10,Snowy,0,81.58,Winter,126.17
24/12/23,26/12/23,S001,P0070,Electronics,East,72.47,10,Sunny,0,69.63,Winter,162.16
24/12/23,26/12/23,S001,P0171,Electronics,East,80.58,0,Sunny,0,81,Winter,71.12
24/12/23,26/12/23,S001,P0175,Electronics,East,22.91,10,Sunny,0,21.57,Winter,67.36
24/12/23,26/12/23,S001,P0046,Clothing,East,13.74,0,Cloudy,0,14.34,Winter,153.24
24/12/23,26/12/23,S001,P0067,Furniture,East,95.54,0,Snowy,0,91.01,Winter,105.46
24/12/23,26/12/23,S001,P0183,Electronics,East,27.49,5,Sunny,1,27.29,Winter,194.33
24/12/23,26/12/23,S001,P0166,Groceries,East,82.86,10,Cloudy,0,79.65,Winter,94.22
24/12/23,26/12/23,S001,P0079,Furniture,East,19.48,10,Sunny,0,17.99,Winter,71.34
24/12/23,26/12/23,S001,P0187,Clothing,East,45.52,5,Cloudy,0,49.94,Winter,142.01
24/12/23,26/12/23,S001,P0178,Clothing,East,36.09,5,Snowy,0,33.98,Winter,182.06
24/12/23,26/12/23,S001,P0057,Clothing,East,78.31,10,Snowy,0,73.86,Winter,150.09
24/12/23,26/12/23,S001,P0153,Furniture,East,43.39,15,Snowy,1,42.21,Winter,153.32
24/12/23,26/12/23,S001,P0083,Toys,East,68.3,10,Cloudy,0,73.51,Winter,91.7
24/12/23,26/12/23,S001,P0069,Clothing,East,44,20,Cloudy,0,40.77,Winter,130.94
24/12/23,26/12/23,S001,P0125,Clothing,East,22.38,0,Snowy,1,23.81,Winter,192.65
24/12/23,26/12/23,S001,P0017,Toys,East,11.15,0,Rainy,0,10.58,Winter,84.71
24/12/23,26/12/23,S001,P0149,Furniture,East,85.95,10,Cloudy,0,92.44,Winter,107.58
24/12/23,26/12/23,S001,P0094,Groceries,East,11.79,15,Rainy,0,12.58,Winter,93.31
24/12/23,26/12/23,S001,P0066,Clothing,East,87.25,5,Rainy,0,95.12,Winter,72.84
24/12/23,26/12/23,S001,P0061,Clothing,East,39.58,0,Rainy,0,41.81,Winter,85.39
24/12/23,26/12/23,S001,P0085,Electronics,East,42.72,15,Rainy,1,45.82,Winter,101.31
24/12/23,26/12/23,S001,P0068,Electronics,East,95.47,0,Cloudy,1,102.64,Winter,99.07
24/12/23,26/12/23,S001,P0126,Clothing,East,48.5,20,Sunny,0,49.67,Winter,114.32
24/12/23,26/12/23,S001,P0133,Clothing,East,15.16,10,Rainy,0,14.61,Winter,87.45
24/12/23,26/12/23,S002,P0096,Toys,West,73.85,5,Snowy,1,77.2,Winter,122.82
24/12/23,26/12/23,S002,P0016,Clothing,West,17.18,10,Cloudy,0,16.29,Winter,145.39
24/12/23,26/12/23,S002,P0031,Electronics,West,75.76,20,Sunny,1,72.96,Winter,145.96
24/12/23,26/12/23,S002,P0159,Electronics,West,55.44,0,Rainy,0,60.03,Winter,94.73
24/12/23,26/12/23,S002,P0129,Furniture,West,30.97,0,Snowy,0,29.93,Winter,125.12
24/12/23,26/12/23,S002,P0116,Furniture,West,20.14,0,Snowy,0,19.66,Winter,40.17
24/12/23,26/12/23,S002,P0070,Electronics,West,55.18,10,Snowy,1,49.75,Winter,148.79
24/12/23,26/12/23,S002,P0171,Electronics,West,45.34,15,Snowy,0,49.18,Winter,160.71
24/12/23,26/12/23,S002,P0175,Electronics,West,84.68,0,Rainy,0,82.06,Winter,99.93
24/12/23,26/12/23,S002,P0046,Clothing,West,10.23,0,Cloudy,0,10.58,Winter,131.99
24/12/23,26/12/23,S002,P0067,Furniture,West,70,10,Cloudy,0,75.11,Winter,108.31
24/12/23,26/12/23,S002,P0183,Electronics,West,81.01,0,Rainy,0,79.18,Winter,53.47
24/12/23,26/12/23,S002,P0166,Groceries,West,25.63,0,Cloudy,0,23.49,Winter,139.73
24/12/23,26/12/23,S002,P0079,Furniture,West,61.66,10,Cloudy,0,60.2,Winter,78.25
24/12/23,26/12/23,S002,P0187,Clothing,West,90.2,10,Snowy,0,84.42,Winter,202.29
24/12/23,26/12/23,S002,P0178,Clothing,West,90.98,5,Cloudy,0,93.38,Winter,124.6
24/12/23,26/12/23,S002,P0057,Clothing,West,30.77,5,Snowy,0,29.41,Winter,177.7
24/12/23,26/12/23,S002,P0153,Furniture,West,59.63,15,Cloudy,0,65.26,Winter,105.07
24/12/23,26/12/23,S002,P0083,Toys,West,43.15,10,Sunny,0,42.81,Winter,88.6
24/12/23,26/12/23,S002,P0069,Clothing,West,19.47,5,Sunny,0,17.78,Winter,107.95
24/12/23,26/12/23,S002,P0125,Clothing,West,31.28,10,Sunny,0,32.13,Winter,23.8
24/12/23,26/12/23,S002,P0017,Toys,West,32.21,10,Cloudy,1,30.34,Winter,52.87
24/12/23,26/12/23,S002,P0149,Furniture,West,87.33,5,Snowy,0,88.31,Winter,153.61
24/12/23,26/12/23,S002,P0094,Groceries,West,84.04,5,Rainy,0,89.61,Winter,122.87
24/12/23,26/12/23,S002,P0066,Clothing,West,16.94,10,Cloudy,0,16.71,Winter,102.12
24/12/23,26/12/23,S002,P0061,Clothing,West,27.59,0,Snowy,0,28.51,Winter,104.64
24/12/23,26/12/23,S002,P0085,Electronics,West,77.63,0,Sunny,0,72.33,Winter,104.34
24/12/23,26/12/23,S002,P0068,Electronics,West,24.11,5,Sunny,0,24.19,Winter,101.62
24/12/23,26/12/23,S002,P0126,Clothing,West,10.08,5,Sunny,0,9.31,Winter,195.28
24/12/23,26/12/23,S002,P0133,Clothing,West,76.68,20,Snowy,0,79.78,Winter,186.32
24/12/23,26/12/23,S003,P0096,Toys,North,31.76,15,Rainy,0,34.71,Winter,143.93
24/12/23,26/12/23,S003,P0016,Clothing,North,77.49,5,Cloudy,1,73.16,Winter,161.03
24/12/23,26/12/23,S003,P0031,Electronics,North,91.57,0,Snowy,0,91.64,Winter,0
24/12/23,26/12/23,S003,P0159,Electronics,North,12.07,5,Sunny,0,11.24,Winter,160.16
24/12/23,26/12/23,S003,P0129,Furniture,North,62.07,0,Rainy,0,66.2,Winter,108.19
24/12/23,26/12/23,S003,P0116,Furniture,North,37.39,15,Snowy,0,33.85,Winter,68.94
24/12/23,26/12/23,S003,P0070,Electronics,North,65.23,10,Sunny,0,67.04,Winter,137.63
24/12/23,26/12/23,S003,P0171,Electronics,North,43.67,0,Snowy,0,43.04,Winter,80.48
24/12/23,26/12/23,S003,P0175,Electronics,North,78,0,Snowy,1,76.87,Winter,104.47
24/12/23,26/12/23,S003,P0046,Clothing,North,16.56,10,Rainy,0,17.89,Winter,242.08
24/12/23,26/12/23,S003,P0067,Furniture,North,32.34,20,Cloudy,0,30.16,Winter,118.78
24/12/23,26/12/23,S003,P0183,Electronics,North,36.15,0,Snowy,0,33.67,Winter,77.39
24/12/23,26/12/23,S003,P0166,Groceries,North,73.89,20,Snowy,0,74.49,Winter,101.48
24/12/23,26/12/23,S003,P0079,Furniture,North,17.44,10,Rainy,0,17.64,Winter,131.78
24/12/23,26/12/23,S003,P0187,Clothing,North,86.25,10,Cloudy,1,92.42,Winter,168.23
24/12/23,26/12/23,S003,P0178,Clothing,North,53.72,15,Rainy,0,53.83,Winter,157.44
24/12/23,26/12/23,S003,P0057,Clothing,North,42.47,20,Snowy,0,41.22,Winter,143
24/12/23,26/12/23,S003,P0153,Furniture,North,38.89,10,Sunny,0,41.76,Winter,86.46
24/12/23,26/12/23,S003,P0083,Toys,North,46.63,10,Cloudy,0,44.59,Winter,32.57
24/12/23,26/12/23,S003,P0069,Clothing,North,20.05,20,Cloudy,1,18.05,Winter,210.04
24/12/23,26/12/23,S003,P0125,Clothing,North,81.89,0,Cloudy,0,83.49,Winter,117.33
24/12/23,26/12/23,S003,P0017,Toys,North,78.71,10,Sunny,0,76.18,Winter,89.27
24/12/23,26/12/23,S003,P0149,Furniture,North,35.03,10,Cloudy,0,35.34,Winter,59.68
24/12/23,26/12/23,S003,P0094,Groceries,North,29.31,20,Snowy,0,30.8,Winter,112.23
24/12/23,26/12/23,S003,P0066,Clothing,North,33.22,15,Cloudy,0,35.03,Winter,57.47
24/12/23,26/12/23,S003,P0061,Clothing,North,12.22,10,Rainy,1,12.33,Winter,207.83
24/12/23,26/12/23,S003,P0085,Electronics,North,86.88,10,Cloudy,0,92.33,Winter,126.22
24/12/23,26/12/23,S003,P0068,Electronics,North,86.4,10,Sunny,1,90.97,Winter,172.75
24/12/23,26/12/23,S003,P0126,Clothing,North,38.21,0,Cloudy,1,35.26,Winter,199.38
24/12/23,26/12/23,S003,P0133,Clothing,North,51.2,10,Snowy,0,53.79,Winter,146.63
24/12/23,26/12/23,S004,P0096,Toys,South,87.29,15,Snowy,0,85.52,Winter,138.46
24/12/23,26/12/23,S004,P0016,Clothing,South,85.73,20,Snowy,0,94.17,Winter,158.82
24/12/23,26/12/23,S004,P0031,Electronics,South,32.92,0,Cloudy,1,35.97,Winter,60.6
24/12/23,26/12/23,S004,P0159,Electronics,South,79.07,0,Snowy,0,73.15,Winter,120.63
24/12/23,26/12/23,S004,P0129,Furniture,South,49.51,0,Cloudy,0,51.65,Winter,69.87
24/12/23,26/12/23,S004,P0116,Furniture,South,63.65,5,Cloudy,1,66.45,Winter,160.16
24/12/23,26/12/23,S004,P0070,Electronics,South,38.39,0,Sunny,1,37.15,Winter,27.46
24/12/23,26/12/23,S004,P0171,Electronics,South,95.9,15,Snowy,0,105.22,Winter,90.69
24/12/23,26/12/23,S004,P0175,Electronics,South,85.35,0,Snowy,0,80.94,Winter,131.67
24/12/23,26/12/23,S004,P0046,Clothing,South,71.07,10,Snowy,0,77.54,Winter,206.63
24/12/23,26/12/23,S004,P0067,Furniture,South,53.08,5,Rainy,0,52.87,Winter,88.15
24/12/23,26/12/23,S004,P0183,Electronics,South,63.1,0,Sunny,0,68.84,Winter,116.32
24/12/23,26/12/23,S004,P0166,Groceries,South,58.14,10,Rainy,0,59.43,Winter,144.72
24/12/23,26/12/23,S004,P0079,Furniture,South,91.17,10,Sunny,0,86.72,Winter,90.44
24/12/23,26/12/23,S004,P0187,Clothing,South,65.49,0,Cloudy,0,67.24,Winter,144.31
24/12/23,26/12/23,S004,P0178,Clothing,South,69.32,10,Cloudy,0,68.08,Winter,184.37
24/12/23,26/12/23,S004,P0057,Clothing,South,49.72,10,Sunny,0,49.93,Winter,204.18
24/12/23,26/12/23,S004,P0153,Furniture,South,92.72,5,Snowy,0,95.72,Winter,84.04
24/12/23,26/12/23,S004,P0083,Toys,South,80.63,0,Rainy,0,79.46,Winter,101.83
24/12/23,26/12/23,S004,P0069,Clothing,South,89.37,5,Sunny,0,82.34,Winter,170.74
24/12/23,26/12/23,S004,P0125,Clothing,South,15.08,5,Cloudy,1,14.96,Winter,159.8
24/12/23,26/12/23,S004,P0017,Toys,South,63.76,15,Cloudy,1,64.05,Winter,144.83
24/12/23,26/12/23,S004,P0149,Furniture,South,11.3,5,Rainy,0,10.33,Winter,92.51
24/12/23,26/12/23,S004,P0094,Groceries,South,14.86,15,Rainy,0,14.79,Winter,75.37
24/12/23,26/12/23,S004,P0066,Clothing,South,75.61,20,Snowy,0,78.94,Winter,167.79
24/12/23,26/12/23,S004,P0061,Clothing,South,98.39,0,Rainy,0,99.54,Winter,120.25
24/12/23,26/12/23,S004,P0085,Electronics,South,37.21,0,Cloudy,0,34.79,Winter,153.23
24/12/23,26/12/23,S004,P0068,Electronics,South,14.42,10,Sunny,0,15.44,Winter,107.41
24/12/23,26/12/23,S004,P0126,Clothing,South,56.72,10,Sunny,0,57.41,Winter,97.42
24/12/23,26/12/23,S004,P0133,Clothing,South,25.01,0,Snowy,0,24.06,Winter,105.96
24/12/23,26/12/23,S005,P0096,Toys,West,91.1,0,Rainy,0,92.52,Winter,97.73
24/12/23,26/12/23,S005,P0016,Clothing,West,74.27,15,Sunny,0,72.63,Winter,156.49
24/12/23,26/12/23,S005,P0031,Electronics,West,27.59,0,Sunny,0,29.18,Winter,104.22
24/12/23,26/12/23,S005,P0159,Electronics,West,74.6,0,Rainy,0,68.57,Winter,91.88
24/12/23,26/12/23,S005,P0129,Furniture,West,95.76,0,Sunny,0,100.61,Winter,58.07
24/12/23,26/12/23,S005,P0116,Furniture,West,99.05,5,Rainy,1,104.39,Winter,87.17
24/12/23,26/12/23,S005,P0070,Electronics,West,15.34,5,Snowy,0,15.53,Winter,36.96
24/12/23,26/12/23,S005,P0171,Electronics,West,47.63,15,Snowy,0,46.73,Winter,62.04
24/12/23,26/12/23,S005,P0175,Electronics,West,88.72,10,Rainy,0,81.06,Winter,69.45
24/12/23,26/12/23,S005,P0046,Clothing,West,92.98,5,Sunny,0,100.78,Winter,166.75
24/12/23,26/12/23,S005,P0067,Furniture,West,41.4,0,Snowy,0,43.46,Winter,130.49
24/12/23,26/12/23,S005,P0183,Electronics,West,69.6,0,Snowy,0,69.98,Winter,107.8
24/12/23,26/12/23,S005,P0166,Groceries,West,54.78,5,Sunny,1,58.24,Winter,185.32
24/12/23,26/12/23,S005,P0079,Furniture,West,31.82,0,Sunny,0,30.65,Winter,115.32
24/12/23,26/12/23,S005,P0187,Clothing,West,59.44,5,Sunny,0,55.73,Winter,108.45
24/12/23,26/12/23,S005,P0178,Clothing,West,80.96,0,Sunny,0,80.66,Winter,201.84
24/12/23,26/12/23,S005,P0057,Clothing,West,22.26,15,Snowy,0,22.5,Winter,140.31
24/12/23,26/12/23,S005,P0153,Furniture,West,51.1,5,Snowy,0,54.19,Winter,131.93
24/12/23,26/12/23,S005,P0083,Toys,West,58.87,0,Sunny,0,61.68,Winter,110.15
24/12/23,26/12/23,S005,P0069,Clothing,West,89.57,5,Rainy,0,80.98,Winter,79.41
24/12/23,26/12/23,S005,P0125,Clothing,West,76.23,10,Sunny,0,69,Winter,215.59
24/12/23,26/12/23,S005,P0017,Toys,West,96.62,5,Sunny,0,101.81,Winter,135.97
24/12/23,26/12/23,S005,P0149,Furniture,West,69.6,0,Rainy,0,74.4,Winter,29.91
24/12/23,26/12/23,S005,P0094,Groceries,West,10.02,10,Rainy,0,9.18,Winter,79.81
24/12/23,26/12/23,S005,P0066,Clothing,West,31.61,10,Snowy,0,32.85,Winter,162.55
24/12/23,26/12/23,S005,P0061,Clothing,West,22.44,5,Rainy,0,24.29,Winter,95.6
24/12/23,26/12/23,S005,P0085,Electronics,West,19.45,0,Rainy,0,19.32,Winter,90.2
24/12/23,26/12/23,S005,P0068,Electronics,West,67.38,10,Rainy,0,68.29,Winter,109.68
24/12/23,26/12/23,S005,P0126,Clothing,West,95.93,10,Sunny,0,91.73,Winter,2.17
24/12/23,26/12/23,S005,P0133,Clothing,West,88.99,10,Rainy,0,89.57,Winter,148.27
24/12/23,27/12/23,S001,P0096,Toys,East,33.54,0,Cloudy,0,36.23,Winter,119.66
24/12/23,27/12/23,S001,P0016,Clothing,East,25.88,10,Rainy,1,26.96,Winter,111.28
24/12/23,27/12/23,S001,P0031,Electronics,East,53.54,0,Snowy,0,49.36,Winter,79.08
24/12/23,27/12/23,S001,P0159,Electronics,East,68.85,10,Rainy,0,71.02,Winter,55.01
24/12/23,27/12/23,S001,P0129,Furniture,East,43.65,10,Snowy,0,45.85,Winter,107.31
24/12/23,27/12/23,S001,P0116,Furniture,East,89.43,0,Sunny,0,85.62,Winter,139.81
24/12/23,27/12/23,S001,P0070,Electronics,East,27.21,15,Sunny,1,25.56,Winter,160.13
24/12/23,27/12/23,S001,P0171,Electronics,East,59.38,0,Sunny,0,56.7,Winter,100.29
24/12/23,27/12/23,S001,P0175,Electronics,East,68.8,5,Cloudy,0,62.31,Winter,138.61
24/12/23,27/12/23,S001,P0046,Clothing,East,28.11,10,Rainy,0,27.5,Winter,81.03
24/12/23,27/12/23,S001,P0067,Furniture,East,82.97,10,Rainy,0,87.21,Winter,67.56
24/12/23,27/12/23,S001,P0183,Electronics,East,32.34,0,Snowy,1,30.21,Winter,127.68
24/12/23,27/12/23,S001,P0166,Groceries,East,52.76,15,Rainy,0,51.27,Winter,116.33
24/12/23,27/12/23,S001,P0079,Furniture,East,18.28,20,Cloudy,0,17.42,Winter,142.18
24/12/23,27/12/23,S001,P0187,Clothing,East,50.14,15,Rainy,0,54.84,Winter,159.5
24/12/23,27/12/23,S001,P0178,Clothing,East,44.51,0,Rainy,0,40.66,Winter,55.76
24/12/23,27/12/23,S001,P0057,Clothing,East,20.86,5,Snowy,0,19.73,Winter,115.43
24/12/23,27/12/23,S001,P0153,Furniture,East,30.83,0,Sunny,0,32.41,Winter,113.6
24/12/23,27/12/23,S001,P0083,Toys,East,54.88,5,Cloudy,0,51.14,Winter,127.76
24/12/23,27/12/23,S001,P0069,Clothing,East,88.01,10,Cloudy,0,84.09,Winter,159.59
24/12/23,27/12/23,S001,P0125,Clothing,East,46.97,0,Cloudy,0,46.66,Winter,149.72
24/12/23,27/12/23,S001,P0017,Toys,East,24.89,15,Rainy,0,23.77,Winter,97.63
24/12/23,27/12/23,S001,P0149,Furniture,East,25.78,5,Rainy,0,28.34,Winter,132.73
24/12/23,27/12/23,S001,P0094,Groceries,East,27.59,20,Rainy,0,25.43,Winter,117.26
24/12/23,27/12/23,S001,P0066,Clothing,East,45.08,0,Cloudy,0,47.66,Winter,229.04
24/12/23,27/12/23,S001,P0061,Clothing,East,69.97,0,Sunny,0,71.1,Winter,90.78
24/12/23,27/12/23,S001,P0085,Electronics,East,38.21,10,Sunny,0,41.7,Winter,159.72
24/12/23,27/12/23,S001,P0068,Electronics,East,63.78,0,Sunny,0,65.07,Winter,78.5
24/12/23,27/12/23,S001,P0126,Clothing,East,36.93,5,Cloudy,0,40.21,Winter,113.33
24/12/23,27/12/23,S001,P0133,Clothing,East,74.48,5,Snowy,0,75.89,Winter,198.96
24/12/23,27/12/23,S002,P0096,Toys,West,63.42,0,Cloudy,0,60.91,Winter,100.81
24/12/23,27/12/23,S002,P0016,Clothing,West,33.7,10,Sunny,0,33.42,Winter,152.23
24/12/23,27/12/23,S002,P0031,Electronics,West,39.18,10,Snowy,0,36.37,Winter,121.68
24/12/23,27/12/23,S002,P0159,Electronics,West,83.7,0,Cloudy,1,82.62,Winter,113.2
24/12/23,27/12/23,S002,P0129,Furniture,West,60.75,5,Cloudy,0,61.31,Winter,130.43
24/12/23,27/12/23,S002,P0116,Furniture,West,60.75,10,Rainy,0,61.73,Winter,106.11
24/12/23,27/12/23,S002,P0070,Electronics,West,26.48,10,Snowy,0,27.04,Winter,101.31
24/12/23,27/12/23,S002,P0171,Electronics,West,53.88,20,Cloudy,1,58.98,Winter,134.46
24/12/23,27/12/23,S002,P0175,Electronics,West,69.02,5,Cloudy,0,75.5,Winter,128.39
24/12/23,27/12/23,S002,P0046,Clothing,West,49.15,15,Sunny,0,47.05,Winter,199.12
24/12/23,27/12/23,S002,P0067,Furniture,West,54.89,10,Cloudy,0,55.38,Winter,86.47
24/12/23,27/12/23,S002,P0183,Electronics,West,50.57,5,Snowy,0,55.43,Winter,178.46
24/12/23,27/12/23,S002,P0166,Groceries,West,99.94,10,Cloudy,1,91.52,Winter,82.58
24/12/23,27/12/23,S002,P0079,Furniture,West,73.19,0,Snowy,0,66.67,Winter,119.92
24/12/23,27/12/23,S002,P0187,Clothing,West,94.84,20,Cloudy,0,100.15,Winter,98.39
24/12/23,27/12/23,S002,P0178,Clothing,West,83.97,15,Rainy,0,84.94,Winter,186.28
24/12/23,27/12/23,S002,P0057,Clothing,West,44.78,10,Rainy,0,43.19,Winter,193.29
24/12/23,27/12/23,S002,P0153,Furniture,West,51.27,0,Cloudy,0,47.87,Winter,65.33
24/12/23,27/12/23,S002,P0083,Toys,West,63.95,10,Snowy,0,68.27,Winter,73.07
24/12/23,27/12/23,S002,P0069,Clothing,West,28.4,10,Cloudy,0,29.79,Winter,198.13
24/12/23,27/12/23,S002,P0125,Clothing,West,75.06,5,Cloudy,0,72.64,Winter,71.24
24/12/23,27/12/23,S002,P0017,Toys,West,58.99,15,Rainy,0,62.57,Winter,122.8
24/12/23,27/12/23,S002,P0149,Furniture,West,78.81,5,Sunny,0,83.1,Winter,20.26
24/12/23,27/12/23,S002,P0094,Groceries,West,82.54,10,Cloudy,0,88.44,Winter,110.93
24/12/23,27/12/23,S002,P0066,Clothing,West,65.8,15,Cloudy,0,69.43,Winter,195.85
24/12/23,27/12/23,S002,P0061,Clothing,West,10.2,20,Sunny,0,9.85,Winter,166.26
24/12/23,27/12/23,S002,P0085,Electronics,West,49.64,10,Sunny,1,53.71,Winter,109.44
24/12/23,27/12/23,S002,P0068,Electronics,West,75.58,20,Snowy,0,79.48,Winter,109.09
24/12/23,27/12/23,S002,P0126,Clothing,West,37.69,10,Rainy,0,35.01,Winter,182.46
24/12/23,27/12/23,S002,P0133,Clothing,West,97.94,5,Rainy,0,94.12,Winter,131.75
24/12/23,27/12/23,S003,P0096,Toys,North,90.01,20,Sunny,0,91.18,Winter,111.71
24/12/23,27/12/23,S003,P0016,Clothing,North,54.65,0,Rainy,0,54.16,Winter,125.42
24/12/23,27/12/23,S003,P0031,Electronics,North,43.55,10,Rainy,0,40.97,Winter,100.43
24/12/23,27/12/23,S003,P0159,Electronics,North,39.21,20,Rainy,0,36.43,Winter,19.24
24/12/23,27/12/23,S003,P0129,Furniture,North,23.27,15,Cloudy,0,24.79,Winter,102.86
24/12/23,27/12/23,S003,P0116,Furniture,North,90.42,0,Snowy,0,82.47,Winter,132.05
24/12/23,27/12/23,S003,P0070,Electronics,North,58.33,5,Cloudy,0,59.85,Winter,115.45
24/12/23,27/12/23,S003,P0171,Electronics,North,79.5,0,Rainy,0,86.61,Winter,103.87
24/12/23,27/12/23,S003,P0175,Electronics,North,70.47,0,Sunny,0,69.89,Winter,87.4
24/12/23,27/12/23,S003,P0046,Clothing,North,52.5,0,Cloudy,0,50.09,Winter,41.62
24/12/23,27/12/23,S003,P0067,Furniture,North,21.42,0,Sunny,0,19.8,Winter,160.55
24/12/23,27/12/23,S003,P0183,Electronics,North,59.74,10,Cloudy,0,57.27,Winter,115.22
24/12/23,27/12/23,S003,P0166,Groceries,North,27.92,0,Snowy,0,26.54,Winter,37.9
24/12/23,27/12/23,S003,P0079,Furniture,North,31.89,0,Sunny,0,33.74,Winter,79.27
24/12/23,27/12/23,S003,P0187,Clothing,North,63.57,20,Cloudy,0,57.97,Winter,169.79
24/12/23,27/12/23,S003,P0178,Clothing,North,32.95,5,Snowy,0,30.73,Winter,132.51
24/12/23,27/12/23,S003,P0057,Clothing,North,51.97,0,Snowy,0,53.37,Winter,102.83
24/12/23,27/12/23,S003,P0153,Furniture,North,86.8,0,Sunny,1,90.56,Winter,118.74
24/12/23,27/12/23,S003,P0083,Toys,North,93.68,0,Sunny,0,93.32,Winter,75.12
24/12/23,27/12/23,S003,P0069,Clothing,North,39.59,0,Sunny,0,37,Winter,57.17
24/12/23,27/12/23,S003,P0125,Clothing,North,71.62,15,Snowy,0,70.16,Winter,192.48
24/12/23,27/12/23,S003,P0017,Toys,North,90.96,10,Cloudy,0,88.96,Winter,107.32
24/12/23,27/12/23,S003,P0149,Furniture,North,92.2,20,Sunny,0,84.85,Winter,101.76
24/12/23,27/12/23,S003,P0094,Groceries,North,14.49,0,Sunny,0,14.21,Winter,66.2
24/12/23,27/12/23,S003,P0066,Clothing,North,72.87,10,Sunny,1,66.61,Winter,194.72
24/12/23,27/12/23,S003,P0061,Clothing,North,90.64,10,Snowy,0,87.74,Winter,132.89
24/12/23,27/12/23,S003,P0085,Electronics,North,60.78,0,Sunny,0,54.91,Winter,74.4
24/12/23,27/12/23,S003,P0068,Electronics,North,34.18,5,Rainy,1,31.2,Winter,124.24
24/12/23,27/12/23,S003,P0126,Clothing,North,22.91,10,Snowy,1,22.71,Winter,96.08
24/12/23,27/12/23,S003,P0133,Clothing,North,23.15,10,Sunny,0,22.93,Winter,144.29
24/12/23,27/12/23,S004,P0096,Toys,South,70.71,20,Snowy,0,67.3,Winter,115.54
24/12/23,27/12/23,S004,P0016,Clothing,South,37.11,0,Sunny,0,39.33,Winter,233.04
24/12/23,27/12/23,S004,P0031,Electronics,South,41.14,5,Cloudy,0,43.35,Winter,75.97
24/12/23,27/12/23,S004,P0159,Electronics,South,57.43,10,Rainy,0,54.17,Winter,65.97
24/12/23,27/12/23,S004,P0129,Furniture,South,57.45,0,Sunny,1,57.58,Winter,140.43
24/12/23,27/12/23,S004,P0116,Furniture,South,63.31,20,Rainy,0,67.91,Winter,91.29
24/12/23,27/12/23,S004,P0070,Electronics,South,15.76,15,Rainy,0,14.97,Winter,87.7
24/12/23,27/12/23,S004,P0171,Electronics,South,29.82,0,Sunny,1,27.99,Winter,150.16
24/12/23,27/12/23,S004,P0175,Electronics,South,76.05,5,Cloudy,0,75.92,Winter,94.05
24/12/23,27/12/23,S004,P0046,Clothing,South,37.15,0,Snowy,0,38.39,Winter,181.45
24/12/23,27/12/23,S004,P0067,Furniture,South,55.95,10,Snowy,0,54.05,Winter,154.65
24/12/23,27/12/23,S004,P0183,Electronics,South,35.1,0,Sunny,0,33.84,Winter,57.85
24/12/23,27/12/23,S004,P0166,Groceries,South,29.42,15,Snowy,0,30.97,Winter,116.92
24/12/23,27/12/23,S004,P0079,Furniture,South,33.37,20,Rainy,0,31.29,Winter,100.71
24/12/23,27/12/23,S004,P0187,Clothing,South,97.66,0,Sunny,1,97.29,Winter,119.64
24/12/23,27/12/23,S004,P0178,Clothing,South,72.65,10,Cloudy,0,70.1,Winter,112.79
24/12/23,27/12/23,S004,P0057,Clothing,South,99.42,0,Snowy,1,91.4,Winter,202.72
24/12/23,27/12/23,S004,P0153,Furniture,South,17.73,0,Snowy,0,18.89,Winter,73.63
24/12/23,27/12/23,S004,P0083,Toys,South,80.79,10,Sunny,0,81.47,Winter,110.37
24/12/23,27/12/23,S004,P0069,Clothing,South,20.33,0,Rainy,0,19.36,Winter,236.88
24/12/23,27/12/23,S004,P0125,Clothing,South,11.89,20,Sunny,0,11.53,Winter,133.31
24/12/23,27/12/23,S004,P0017,Toys,South,18.06,10,Cloudy,0,18.36,Winter,115.66
24/12/23,27/12/23,S004,P0149,Furniture,South,83.32,15,Sunny,0,78.79,Winter,53.45
24/12/23,27/12/23,S004,P0094,Groceries,South,74.71,20,Snowy,0,74.64,Winter,100.81
24/12/23,27/12/23,S004,P0066,Clothing,South,71.53,0,Snowy,0,76.22,Winter,213.71
24/12/23,27/12/23,S004,P0061,Clothing,South,74.2,5,Rainy,1,73.61,Winter,204.94
24/12/23,27/12/23,S004,P0085,Electronics,South,37.51,5,Snowy,0,36.71,Winter,106.59
24/12/23,27/12/23,S004,P0068,Electronics,South,50.6,0,Cloudy,1,47.27,Winter,170.1
24/12/23,27/12/23,S004,P0126,Clothing,South,52.79,0,Rainy,0,48.41,Winter,190.53
24/12/23,27/12/23,S004,P0133,Clothing,South,40.45,10,Snowy,0,40.68,Winter,159
24/12/23,27/12/23,S005,P0096,Toys,West,25.17,15,Cloudy,1,25.6,Winter,90.06
24/12/23,27/12/23,S005,P0016,Clothing,West,15.69,15,Sunny,0,16.97,Winter,196.76
24/12/23,27/12/23,S005,P0031,Electronics,West,37.03,20,Sunny,0,38.02,Winter,76.77
24/12/23,27/12/23,S005,P0159,Electronics,West,72.25,10,Rainy,1,75.77,Winter,107.77
24/12/23,27/12/23,S005,P0129,Furniture,West,91,0,Snowy,0,95.52,Winter,129.37
24/12/23,27/12/23,S005,P0116,Furniture,West,31.31,15,Rainy,0,32.64,Winter,101.36
24/12/23,27/12/23,S005,P0070,Electronics,West,92.29,10,Cloudy,0,90.27,Winter,34.64
24/12/23,27/12/23,S005,P0171,Electronics,West,29.53,15,Rainy,1,27.24,Winter,112.9
24/12/23,27/12/23,S005,P0175,Electronics,West,89.59,5,Rainy,0,95.69,Winter,119.41
24/12/23,27/12/23,S005,P0046,Clothing,West,71.42,0,Rainy,0,76.3,Winter,172.09
24/12/23,27/12/23,S005,P0067,Furniture,West,98.95,20,Cloudy,0,97.12,Winter,70.86
24/12/23,27/12/23,S005,P0183,Electronics,West,89.34,0,Snowy,1,81.77,Winter,61.37
24/12/23,27/12/23,S005,P0166,Groceries,West,74.08,0,Rainy,0,70.01,Winter,210.84
24/12/23,27/12/23,S005,P0079,Furniture,West,30.34,10,Sunny,0,30.82,Winter,138.95
24/12/23,27/12/23,S005,P0187,Clothing,West,88.52,5,Snowy,0,95.96,Winter,87.1
24/12/23,27/12/23,S005,P0178,Clothing,West,58.63,5,Rainy,0,61.81,Winter,175.15
24/12/23,27/12/23,S005,P0057,Clothing,West,41.27,5,Sunny,0,42.29,Winter,183.38
24/12/23,27/12/23,S005,P0153,Furniture,West,56.52,20,Snowy,0,61.15,Winter,142.17
24/12/23,27/12/23,S005,P0083,Toys,West,71.6,10,Rainy,0,68.58,Winter,108.17
24/12/23,27/12/23,S005,P0069,Clothing,West,31,10,Cloudy,1,33.34,Winter,189.62
24/12/23,27/12/23,S005,P0125,Clothing,West,13.4,0,Cloudy,0,13.95,Winter,109.59
24/12/23,27/12/23,S005,P0017,Toys,West,91.74,0,Rainy,0,86.13,Winter,45.95
24/12/23,27/12/23,S005,P0149,Furniture,West,32.52,5,Sunny,1,33.86,Winter,151.99
24/12/23,27/12/23,S005,P0094,Groceries,West,68.7,20,Sunny,0,70.54,Winter,108.9
24/12/23,27/12/23,S005,P0066,Clothing,West,65.55,10,Sunny,0,63.64,Winter,52.61
24/12/23,27/12/23,S005,P0061,Clothing,West,20.27,10,Rainy,0,18.75,Winter,104.85
24/12/23,27/12/23,S005,P0085,Electronics,West,35.03,5,Cloudy,0,33.78,Winter,179.58
24/12/23,27/12/23,S005,P0068,Electronics,West,93.48,10,Rainy,0,89.5,Winter,50.53
24/12/23,27/12/23,S005,P0126,Clothing,West,79.78,20,Rainy,1,76.12,Winter,229.32
24/12/23,27/12/23,S005,P0133,Clothing,West,32.41,10,Snowy,0,34.26,Winter,112.57
24/12/23,28/12/23,S001,P0096,Toys,East,42.73,0,Rainy,0,42.77,Winter,104.94
24/12/23,28/12/23,S001,P0016,Clothing,East,82,0,Snowy,0,77.11,Winter,203.83
24/12/23,28/12/23,S001,P0031,Electronics,East,46.59,10,Snowy,0,50.33,Winter,131.84
24/12/23,28/12/23,S001,P0159,Electronics,East,38.4,10,Rainy,1,36.86,Winter,116.59
24/12/23,28/12/23,S001,P0129,Furniture,East,85.98,5,Rainy,1,91.14,Winter,59.87
24/12/23,28/12/23,S001,P0116,Furniture,East,92.87,20,Rainy,0,91.98,Winter,95.16
24/12/23,28/12/23,S001,P0070,Electronics,East,92.84,0,Snowy,0,87.25,Winter,55.15
24/12/23,28/12/23,S001,P0171,Electronics,East,61.31,0,Rainy,1,67.23,Winter,106.27
24/12/23,28/12/23,S001,P0175,Electronics,East,44.21,0,Cloudy,0,43.37,Winter,106.38
24/12/23,28/12/23,S001,P0046,Clothing,East,78.26,10,Cloudy,0,76.63,Winter,138.1
24/12/23,28/12/23,S001,P0067,Furniture,East,70.98,5,Snowy,0,76.94,Winter,122.32
24/12/23,28/12/23,S001,P0183,Electronics,East,91.12,10,Sunny,0,82.35,Winter,128.19
24/12/23,28/12/23,S001,P0166,Groceries,East,97.52,10,Sunny,0,107.22,Winter,136.62
24/12/23,28/12/23,S001,P0079,Furniture,East,55.05,10,Rainy,0,58.09,Winter,113.99
24/12/23,28/12/23,S001,P0187,Clothing,East,40.17,15,Rainy,0,39.17,Winter,152.06
24/12/23,28/12/23,S001,P0178,Clothing,East,62.65,0,Cloudy,0,61.22,Winter,60.59
24/12/23,28/12/23,S001,P0057,Clothing,East,23.73,20,Cloudy,0,23.62,Winter,85.93
24/12/23,28/12/23,S001,P0153,Furniture,East,53.27,0,Rainy,0,48.83,Winter,35.49
24/12/23,28/12/23,S001,P0083,Toys,East,39.24,5,Cloudy,1,36.31,Winter,100.27
24/12/23,28/12/23,S001,P0069,Clothing,East,75.02,15,Cloudy,0,70.25,Winter,132.72
24/12/23,28/12/23,S001,P0125,Clothing,East,13.02,10,Cloudy,0,13.98,Winter,129.41
24/12/23,28/12/23,S001,P0017,Toys,East,17.92,5,Sunny,0,18.95,Winter,75.88
24/12/23,28/12/23,S001,P0149,Furniture,East,44.01,15,Sunny,0,47.64,Winter,133.99
24/12/23,28/12/23,S001,P0094,Groceries,East,84.97,10,Cloudy,0,87.28,Winter,195.63
24/12/23,28/12/23,S001,P0066,Clothing,East,49.22,10,Sunny,0,50.38,Winter,163.3
24/12/23,28/12/23,S001,P0061,Clothing,East,39.44,5,Sunny,0,42.76,Winter,88.16
24/12/23,28/12/23,S001,P0085,Electronics,East,12.83,10,Cloudy,0,13.66,Winter,133.12
24/12/23,28/12/23,S001,P0068,Electronics,East,91.89,0,Rainy,0,100.54,Winter,115.44
24/12/23,28/12/23,S001,P0126,Clothing,East,71.04,0,Cloudy,0,69.7,Winter,157.47
24/12/23,28/12/23,S001,P0133,Clothing,East,85.2,20,Sunny,0,89.34,Winter,137.92
24/12/23,28/12/23,S002,P0096,Toys,West,52.42,15,Cloudy,1,48.17,Winter,16.29
24/12/23,28/12/23,S002,P0016,Clothing,West,34.74,0,Sunny,1,32.68,Winter,160.47
24/12/23,28/12/23,S002,P0031,Electronics,West,26.14,20,Sunny,0,28.05,Winter,111.93
24/12/23,28/12/23,S002,P0159,Electronics,West,71.82,15,Cloudy,0,73.6,Winter,95.22
24/12/23,28/12/23,S002,P0129,Furniture,West,36.58,10,Rainy,0,37.71,Winter,142.21
24/12/23,28/12/23,S002,P0116,Furniture,West,92.09,15,Cloudy,0,97.08,Winter,105.77
24/12/23,28/12/23,S002,P0070,Electronics,West,26.54,10,Snowy,0,24.35,Winter,122.89
24/12/23,28/12/23,S002,P0171,Electronics,West,62.55,0,Sunny,0,57.5,Winter,165.32
24/12/23,28/12/23,S002,P0175,Electronics,West,54.62,0,Sunny,0,52.08,Winter,103.36
24/12/23,28/12/23,S002,P0046,Clothing,West,58.94,5,Cloudy,0,61.45,Winter,68.94
24/12/23,28/12/23,S002,P0067,Furniture,West,70.58,10,Sunny,0,67.79,Winter,69.47
24/12/23,28/12/23,S002,P0183,Electronics,West,59.75,0,Cloudy,0,62.36,Winter,122.3
24/12/23,28/12/23,S002,P0166,Groceries,West,75.14,5,Snowy,0,77.4,Winter,38.49
24/12/23,28/12/23,S002,P0079,Furniture,West,61.32,10,Snowy,0,57.99,Winter,114.19
24/12/23,28/12/23,S002,P0187,Clothing,West,42.88,10,Cloudy,0,43.63,Winter,157.55
24/12/23,28/12/23,S002,P0178,Clothing,West,39.7,0,Snowy,0,41.3,Winter,174.24
24/12/23,28/12/23,S002,P0057,Clothing,West,39.22,0,Sunny,0,42.5,Winter,165.31
24/12/23,28/12/23,S002,P0153,Furniture,West,46.65,15,Cloudy,0,46.6,Winter,185.13
24/12/23,28/12/23,S002,P0083,Toys,West,93.27,5,Rainy,0,91.21,Winter,175.77
24/12/23,28/12/23,S002,P0069,Clothing,West,31.28,5,Cloudy,0,29.93,Winter,96.78
24/12/23,28/12/23,S002,P0125,Clothing,West,81.06,0,Snowy,0,73.76,Winter,132.59
24/12/23,28/12/23,S002,P0017,Toys,West,69.83,20,Snowy,0,67.89,Winter,103.57
24/12/23,28/12/23,S002,P0149,Furniture,West,44.33,0,Sunny,0,43.08,Winter,125.26
24/12/23,28/12/23,S002,P0094,Groceries,West,82.34,0,Snowy,0,86.52,Winter,91.47
24/12/23,28/12/23,S002,P0066,Clothing,West,82.57,5,Snowy,1,86.65,Winter,195.85
24/12/23,28/12/23,S002,P0061,Clothing,West,16.87,5,Cloudy,1,16.8,Winter,259.78
24/12/23,28/12/23,S002,P0085,Electronics,West,48.05,0,Cloudy,0,51.58,Winter,113.93
24/12/23,28/12/23,S002,P0068,Electronics,West,36.44,5,Snowy,0,38.79,Winter,39.14
24/12/23,28/12/23,S002,P0126,Clothing,West,63.54,0,Snowy,0,58.08,Winter,108.81
24/12/23,28/12/23,S002,P0133,Clothing,West,92.54,5,Cloudy,0,86.61,Winter,142.01
24/12/23,28/12/23,S003,P0096,Toys,North,19.03,5,Snowy,0,20.4,Winter,1.02
24/12/23,28/12/23,S003,P0016,Clothing,North,12.72,15,Sunny,0,11.86,Winter,131.99
24/12/23,28/12/23,S003,P0031,Electronics,North,76.24,5,Sunny,0,71.93,Winter,108.85
24/12/23,28/12/23,S003,P0159,Electronics,North,54.36,10,Cloudy,0,57.23,Winter,98.87
24/12/23,28/12/23,S003,P0129,Furniture,North,12.76,10,Cloudy,0,13.25,Winter,129.24
24/12/23,28/12/23,S003,P0116,Furniture,North,59.86,10,Rainy,0,63.19,Winter,103.75
24/12/23,28/12/23,S003,P0070,Electronics,North,27.01,20,Cloudy,0,25.31,Winter,165.73
24/12/23,28/12/23,S003,P0171,Electronics,North,17.58,5,Sunny,0,18.16,Winter,90.3
24/12/23,28/12/23,S003,P0175,Electronics,North,78.71,0,Cloudy,0,78.82,Winter,92.59
24/12/23,28/12/23,S003,P0046,Clothing,North,71.78,0,Rainy,0,66.16,Winter,219.64
24/12/23,28/12/23,S003,P0067,Furniture,North,82.12,15,Cloudy,0,78.07,Winter,122.04
24/12/23,28/12/23,S003,P0183,Electronics,North,18.47,0,Cloudy,0,18.75,Winter,108.88
24/12/23,28/12/23,S003,P0166,Groceries,North,19.03,15,Rainy,0,18.48,Winter,95.89
24/12/23,28/12/23,S003,P0079,Furniture,North,70.87,10,Cloudy,0,68.98,Winter,44.8
24/12/23,28/12/23,S003,P0187,Clothing,North,25.64,0,Rainy,0,27.45,Winter,193.29
24/12/23,28/12/23,S003,P0178,Clothing,North,69.98,0,Cloudy,0,69.54,Winter,136.12
24/12/23,28/12/23,S003,P0057,Clothing,North,61.11,0,Rainy,0,57.82,Winter,78.61
24/12/23,28/12/23,S003,P0153,Furniture,North,71.93,15,Snowy,1,70.62,Winter,121.67
24/12/23,28/12/23,S003,P0083,Toys,North,64.2,10,Cloudy,0,59.91,Winter,155.08
24/12/23,28/12/23,S003,P0069,Clothing,North,74.66,15,Cloudy,0,76.57,Winter,190.58
24/12/23,28/12/23,S003,P0125,Clothing,North,26.25,0,Rainy,0,23.72,Winter,126.4
24/12/23,28/12/23,S003,P0017,Toys,North,61.05,0,Snowy,0,56.98,Winter,118.3
24/12/23,28/12/23,S003,P0149,Furniture,North,44.45,20,Cloudy,0,47.39,Winter,129.83
24/12/23,28/12/23,S003,P0094,Groceries,North,24.95,0,Sunny,1,27.1,Winter,108.87
24/12/23,28/12/23,S003,P0066,Clothing,North,18.08,10,Cloudy,1,19.72,Winter,127.64
24/12/23,28/12/23,S003,P0061,Clothing,North,26.93,5,Cloudy,0,28.44,Winter,146.6
24/12/23,28/12/23,S003,P0085,Electronics,North,55.69,15,Rainy,0,55.95,Winter,63.44
24/12/23,28/12/23,S003,P0068,Electronics,North,59.14,0,Rainy,1,63.08,Winter,68.89
24/12/23,28/12/23,S003,P0126,Clothing,North,25.03,20,Cloudy,0,23.96,Winter,172.45
24/12/23,28/12/23,S003,P0133,Clothing,North,23.59,10,Snowy,0,21.82,Winter,88.28
24/12/23,28/12/23,S004,P0096,Toys,South,77.17,10,Sunny,1,70.86,Winter,133.12
24/12/23,28/12/23,S004,P0016,Clothing,South,85.04,15,Sunny,0,85.83,Winter,126.21
24/12/23,28/12/23,S004,P0031,Electronics,South,60,10,Snowy,0,54.17,Winter,125.34
24/12/23,28/12/23,S004,P0159,Electronics,South,74.33,0,Sunny,0,79.8,Winter,76.97
24/12/23,28/12/23,S004,P0129,Furniture,South,76.72,0,Sunny,1,70.79,Winter,81.34
24/12/23,28/12/23,S004,P0116,Furniture,South,78.75,15,Cloudy,0,76.95,Winter,130.5
24/12/23,28/12/23,S004,P0070,Electronics,South,43.56,15,Cloudy,0,46.35,Winter,94.91
24/12/23,28/12/23,S004,P0171,Electronics,South,71.55,0,Cloudy,1,76.94,Winter,111.74
24/12/23,28/12/23,S004,P0175,Electronics,South,45.9,10,Cloudy,1,45.05,Winter,187.07
24/12/23,28/12/23,S004,P0046,Clothing,South,21.91,10,Sunny,1,21.08,Winter,161.15
24/12/23,28/12/23,S004,P0067,Furniture,South,30.87,10,Snowy,0,29.14,Winter,136.96
24/12/23,28/12/23,S004,P0183,Electronics,South,38.63,15,Cloudy,0,41.08,Winter,127.8
24/12/23,28/12/23,S004,P0166,Groceries,South,43.56,0,Rainy,0,47.78,Winter,88.02
24/12/23,28/12/23,S004,P0079,Furniture,South,65.43,15,Rainy,0,70,Winter,73.53
24/12/23,28/12/23,S004,P0187,Clothing,South,27.73,5,Cloudy,0,25.55,Winter,102.35
24/12/23,28/12/23,S004,P0178,Clothing,South,45.67,0,Cloudy,0,42.89,Winter,144.37
24/12/23,28/12/23,S004,P0057,Clothing,South,99.31,5,Rainy,1,103.04,Winter,209.04
24/12/23,28/12/23,S004,P0153,Furniture,South,63.71,10,Rainy,0,67.87,Winter,80.87
24/12/23,28/12/23,S004,P0083,Toys,South,55.23,0,Cloudy,0,55.32,Winter,58.07
24/12/23,28/12/23,S004,P0069,Clothing,South,52.22,10,Snowy,0,49.71,Winter,107.41
24/12/23,28/12/23,S004,P0125,Clothing,South,48.48,0,Snowy,0,47.05,Winter,114.28
24/12/23,28/12/23,S004,P0017,Toys,South,68.87,0,Cloudy,0,65.32,Winter,157.68
24/12/23,28/12/23,S004,P0149,Furniture,South,34.6,10,Snowy,0,36.66,Winter,118.51
24/12/23,28/12/23,S004,P0094,Groceries,South,56.47,5,Rainy,1,51.1,Winter,111.97
24/12/23,28/12/23,S004,P0066,Clothing,South,52.89,15,Cloudy,0,50.2,Winter,83.86
24/12/23,28/12/23,S004,P0061,Clothing,South,57.12,0,Rainy,0,59.9,Winter,142.62
24/12/23,28/12/23,S004,P0085,Electronics,South,74.95,10,Rainy,0,76.62,Winter,49.7
24/12/23,28/12/23,S004,P0068,Electronics,South,91.36,0,Snowy,0,90.82,Winter,155.37
24/12/23,28/12/23,S004,P0126,Clothing,South,65.78,15,Cloudy,0,63.62,Winter,180.19
24/12/23,28/12/23,S004,P0133,Clothing,South,88.56,10,Snowy,0,81.91,Winter,145.14
24/12/23,28/12/23,S005,P0096,Toys,West,43.87,10,Rainy,0,41.07,Winter,111.86
24/12/23,28/12/23,S005,P0016,Clothing,West,94.21,15,Snowy,0,97.29,Winter,125
24/12/23,28/12/23,S005,P0031,Electronics,West,71.76,20,Snowy,1,75.52,Winter,103.17
24/12/23,28/12/23,S005,P0159,Electronics,West,50.65,10,Cloudy,0,45.9,Winter,109.29
24/12/23,28/12/23,S005,P0129,Furniture,West,39.05,0,Rainy,0,41.71,Winter,80.05
24/12/23,28/12/23,S005,P0116,Furniture,West,40.47,10,Cloudy,0,36.73,Winter,54.37
24/12/23,28/12/23,S005,P0070,Electronics,West,12.5,10,Sunny,1,11.4,Winter,101.43
24/12/23,28/12/23,S005,P0171,Electronics,West,34.46,5,Rainy,1,31.78,Winter,100.23
24/12/23,28/12/23,S005,P0175,Electronics,West,29.94,5,Cloudy,0,32.29,Winter,76.65
24/12/23,28/12/23,S005,P0046,Clothing,West,95.47,10,Sunny,0,103.71,Winter,179.68
24/12/23,28/12/23,S005,P0067,Furniture,West,82.47,0,Snowy,0,76.95,Winter,60.83
24/12/23,28/12/23,S005,P0183,Electronics,West,29.17,20,Sunny,0,29.77,Winter,53.46
24/12/23,28/12/23,S005,P0166,Groceries,West,29.93,20,Cloudy,0,29.84,Winter,111.47
24/12/23,28/12/23,S005,P0079,Furniture,West,29.86,15,Rainy,0,30.25,Winter,118.27
24/12/23,28/12/23,S005,P0187,Clothing,West,16.69,10,Snowy,1,17.66,Winter,86.09
24/12/23,28/12/23,S005,P0178,Clothing,West,30.11,20,Snowy,0,32.1,Winter,87.65
24/12/23,28/12/23,S005,P0057,Clothing,West,41.11,0,Sunny,1,43.55,Winter,199.52
24/12/23,28/12/23,S005,P0153,Furniture,West,98.86,10,Rainy,0,107.74,Winter,82.92
24/12/23,28/12/23,S005,P0083,Toys,West,75.98,5,Cloudy,0,70.3,Winter,111.94
24/12/23,28/12/23,S005,P0069,Clothing,West,12.35,0,Rainy,0,13.32,Winter,87.36
24/12/23,28/12/23,S005,P0125,Clothing,West,24.43,10,Cloudy,0,24.22,Winter,196.67
24/12/23,28/12/23,S005,P0017,Toys,West,35.03,0,Rainy,0,35.41,Winter,113.99
24/12/23,28/12/23,S005,P0149,Furniture,West,91.11,10,Snowy,0,89.52,Winter,119.45
24/12/23,28/12/23,S005,P0094,Groceries,West,34.78,10,Sunny,0,35.36,Winter,107.86
24/12/23,28/12/23,S005,P0066,Clothing,West,23.94,10,Rainy,0,25.93,Winter,142.19
24/12/23,28/12/23,S005,P0061,Clothing,West,35.33,15,Cloudy,0,32.44,Winter,145.34
24/12/23,28/12/23,S005,P0085,Electronics,West,98.48,0,Snowy,1,106.88,Winter,192.79
24/12/23,28/12/23,S005,P0068,Electronics,West,36.21,10,Snowy,0,33.33,Winter,98.21
24/12/23,28/12/23,S005,P0126,Clothing,West,52.96,10,Sunny,0,57.59,Winter,95.81
24/12/23,28/12/23,S005,P0133,Clothing,West,70.52,0,Rainy,0,77.25,Winter,135.6
24/12/23,29/12/23,S001,P0096,Toys,East,97.84,0,Snowy,0,97.7,Winter,52.78
24/12/23,29/12/23,S001,P0016,Clothing,East,84.66,10,Sunny,0,89.59,Winter,152.65
24/12/23,29/12/23,S001,P0031,Electronics,East,28.28,20,Snowy,0,29.81,Winter,30.43
24/12/23,29/12/23,S001,P0159,Electronics,East,92.36,0,Sunny,0,100.2,Winter,138.38
24/12/23,29/12/23,S001,P0129,Furniture,East,35.63,10,Rainy,0,39.05,Winter,115.95
24/12/23,29/12/23,S001,P0116,Furniture,East,22.22,0,Rainy,1,22.72,Winter,127.75
24/12/23,29/12/23,S001,P0070,Electronics,East,39.6,5,Snowy,1,40.41,Winter,65.89
24/12/23,29/12/23,S001,P0171,Electronics,East,58.86,5,Sunny,0,58.01,Winter,69.86
24/12/23,29/12/23,S001,P0175,Electronics,East,40.48,10,Snowy,0,36.51,Winter,61.65
24/12/23,29/12/23,S001,P0046,Clothing,East,92.4,15,Sunny,0,96.82,Winter,156.58
24/12/23,29/12/23,S001,P0067,Furniture,East,86.95,0,Sunny,0,83.73,Winter,92.29
24/12/23,29/12/23,S001,P0183,Electronics,East,42.68,10,Cloudy,0,44.73,Winter,110.6
24/12/23,29/12/23,S001,P0166,Groceries,East,41.33,0,Cloudy,0,42.29,Winter,70.01
24/12/23,29/12/23,S001,P0079,Furniture,East,90.98,0,Snowy,1,90.09,Winter,194.09
24/12/23,29/12/23,S001,P0187,Clothing,East,39.18,0,Rainy,0,42.88,Winter,194.1
24/12/23,29/12/23,S001,P0178,Clothing,East,56.81,5,Sunny,0,61.56,Winter,175.97
24/12/23,29/12/23,S001,P0057,Clothing,East,71.35,0,Sunny,0,77.93,Winter,131.21
24/12/23,29/12/23,S001,P0153,Furniture,East,39.33,10,Cloudy,0,39.09,Winter,152.3
24/12/23,29/12/23,S001,P0083,Toys,East,10.73,20,Rainy,0,10.7,Winter,116.15
24/12/23,29/12/23,S001,P0069,Clothing,East,35.75,10,Cloudy,0,34.02,Winter,82.25
24/12/23,29/12/23,S001,P0125,Clothing,East,32.38,5,Cloudy,0,30.17,Winter,106.57
24/12/23,29/12/23,S001,P0017,Toys,East,81.18,10,Rainy,0,73.28,Winter,116.05
24/12/23,29/12/23,S001,P0149,Furniture,East,61.04,15,Sunny,0,61.88,Winter,56.32
24/12/23,29/12/23,S001,P0094,Groceries,East,62.98,10,Cloudy,0,64.48,Winter,143.42
24/12/23,29/12/23,S001,P0066,Clothing,East,67.25,5,Sunny,1,69.3,Winter,5.34
24/12/23,29/12/23,S001,P0061,Clothing,East,74.19,15,Cloudy,1,80.55,Winter,167.2
24/12/23,29/12/23,S001,P0085,Electronics,East,78.05,0,Cloudy,0,80.18,Winter,99.75
24/12/23,29/12/23,S001,P0068,Electronics,East,22.16,0,Rainy,0,20.58,Winter,118.43
24/12/23,29/12/23,S001,P0126,Clothing,East,21.37,10,Snowy,0,19.61,Winter,116.84
24/12/23,29/12/23,S001,P0133,Clothing,East,50.32,10,Rainy,0,50.06,Winter,126.18
24/12/23,29/12/23,S002,P0096,Toys,West,44.95,0,Snowy,1,47.73,Winter,102.69
24/12/23,29/12/23,S002,P0016,Clothing,West,90.75,20,Cloudy,1,85.15,Winter,173.69
24/12/23,29/12/23,S002,P0031,Electronics,West,75.7,0,Snowy,0,82.92,Winter,96.87
24/12/23,29/12/23,S002,P0159,Electronics,West,11.34,10,Sunny,0,11.92,Winter,133.36
24/12/23,29/12/23,S002,P0129,Furniture,West,67.43,15,Sunny,0,68.37,Winter,146.11
24/12/23,29/12/23,S002,P0116,Furniture,West,24.47,0,Sunny,0,26.1,Winter,122.48
24/12/23,29/12/23,S002,P0070,Electronics,West,29.41,0,Rainy,1,27.28,Winter,94
24/12/23,29/12/23,S002,P0171,Electronics,West,65.61,0,Snowy,0,61.18,Winter,96.14
24/12/23,29/12/23,S002,P0175,Electronics,West,42.58,10,Sunny,0,41.1,Winter,58.98
24/12/23,29/12/23,S002,P0046,Clothing,West,95.58,15,Snowy,0,92.88,Winter,145.01
24/12/23,29/12/23,S002,P0067,Furniture,West,22.11,10,Sunny,0,22.76,Winter,161.42
24/12/23,29/12/23,S002,P0183,Electronics,West,63.36,10,Sunny,0,59.04,Winter,50.47
24/12/23,29/12/23,S002,P0166,Groceries,West,50.04,20,Sunny,0,48.83,Winter,88.22
24/12/23,29/12/23,S002,P0079,Furniture,West,15.55,10,Snowy,0,16.64,Winter,67.23
24/12/23,29/12/23,S002,P0187,Clothing,West,24.56,0,Cloudy,0,24.47,Winter,115.9
24/12/23,29/12/23,S002,P0178,Clothing,West,81.05,20,Cloudy,0,81.7,Winter,103.75
24/12/23,29/12/23,S002,P0057,Clothing,West,46.02,5,Rainy,0,48.78,Winter,160.19
24/12/23,29/12/23,S002,P0153,Furniture,West,29.85,5,Sunny,0,32.42,Winter,161.47
24/12/23,29/12/23,S002,P0083,Toys,West,12.31,5,Sunny,0,12.01,Winter,141.82
24/12/23,29/12/23,S002,P0069,Clothing,West,94.9,10,Cloudy,1,94.99,Winter,59.87
24/12/23,29/12/23,S002,P0125,Clothing,West,97.73,0,Rainy,0,107.28,Winter,126.11
24/12/23,29/12/23,S002,P0017,Toys,West,85.9,5,Cloudy,0,79.98,Winter,154.73
24/12/23,29/12/23,S002,P0149,Furniture,West,80.94,10,Sunny,0,86.06,Winter,15.29
24/12/23,29/12/23,S002,P0094,Groceries,West,99,5,Cloudy,0,95.14,Winter,57.82
24/12/23,29/12/23,S002,P0066,Clothing,West,41.37,0,Cloudy,0,45.45,Winter,142.5
24/12/23,29/12/23,S002,P0061,Clothing,West,59.92,0,Snowy,0,61.16,Winter,81.41
24/12/23,29/12/23,S002,P0085,Electronics,West,36.69,10,Cloudy,0,39.08,Winter,132.69
24/12/23,29/12/23,S002,P0068,Electronics,West,12.26,0,Snowy,0,12.79,Winter,127.63
24/12/23,29/12/23,S002,P0126,Clothing,West,82.51,0,Rainy,0,80.38,Winter,103.76
24/12/23,29/12/23,S002,P0133,Clothing,West,87.78,5,Cloudy,0,83.65,Winter,212.84
24/12/23,29/12/23,S003,P0096,Toys,North,84.18,10,Snowy,0,85.73,Winter,92.53
24/12/23,29/12/23,S003,P0016,Clothing,North,88.69,20,Sunny,0,96.13,Winter,126.72
24/12/23,29/12/23,S003,P0031,Electronics,North,68.35,20,Cloudy,0,74.76,Winter,51.96
24/12/23,29/12/23,S003,P0159,Electronics,North,16.74,10,Cloudy,0,18.02,Winter,131.9
24/12/23,29/12/23,S003,P0129,Furniture,North,20.81,10,Rainy,0,19.61,Winter,136.37
24/12/23,29/12/23,S003,P0116,Furniture,North,94.57,0,Snowy,1,101.34,Winter,95.05
24/12/23,29/12/23,S003,P0070,Electronics,North,18.5,10,Sunny,0,18.02,Winter,80.39
24/12/23,29/12/23,S003,P0171,Electronics,North,85.49,0,Cloudy,0,84.95,Winter,75.59
24/12/23,29/12/23,S003,P0175,Electronics,North,78.68,5,Rainy,0,75.76,Winter,55.92
24/12/23,29/12/23,S003,P0046,Clothing,North,20.95,10,Sunny,0,20.69,Winter,101.75
24/12/23,29/12/23,S003,P0067,Furniture,North,46.54,10,Sunny,0,45.5,Winter,76.57
24/12/23,29/12/23,S003,P0183,Electronics,North,86.71,0,Snowy,1,92.52,Winter,218.16
24/12/23,29/12/23,S003,P0166,Groceries,North,25.77,15,Cloudy,0,24.63,Winter,138.12
24/12/23,29/12/23,S003,P0079,Furniture,North,17.92,10,Cloudy,0,19.1,Winter,159.32
24/12/23,29/12/23,S003,P0187,Clothing,North,79.98,15,Sunny,0,75.1,Winter,119.38
24/12/23,29/12/23,S003,P0178,Clothing,North,72.49,20,Sunny,0,69.65,Winter,165.39
24/12/23,29/12/23,S003,P0057,Clothing,North,16.03,10,Sunny,0,14.97,Winter,132.65
24/12/23,29/12/23,S003,P0153,Furniture,North,79.46,0,Sunny,0,76.25,Winter,147.96
24/12/23,29/12/23,S003,P0083,Toys,North,16.68,5,Sunny,0,16.92,Winter,76.54
24/12/23,29/12/23,S003,P0069,Clothing,North,81.47,5,Rainy,0,83.62,Winter,124.56
24/12/23,29/12/23,S003,P0125,Clothing,North,49.87,10,Cloudy,0,51.16,Winter,167.9
24/12/23,29/12/23,S003,P0017,Toys,North,27.3,0,Rainy,0,25.45,Winter,133.98
24/12/23,29/12/23,S003,P0149,Furniture,North,57.91,15,Rainy,0,61.62,Winter,105.25
24/12/23,29/12/23,S003,P0094,Groceries,North,28.88,15,Rainy,0,26.04,Winter,139.32
24/12/23,29/12/23,S003,P0066,Clothing,North,80.31,5,Sunny,0,80.73,Winter,131.98
24/12/23,29/12/23,S003,P0061,Clothing,North,66.17,10,Cloudy,1,70.37,Winter,93.75
24/12/23,29/12/23,S003,P0085,Electronics,North,90.55,5,Cloudy,0,91.24,Winter,56.56
24/12/23,29/12/23,S003,P0068,Electronics,North,79.57,10,Rainy,1,83.96,Winter,112.77
24/12/23,29/12/23,S003,P0126,Clothing,North,85.69,0,Sunny,0,82.02,Winter,128.27
24/12/23,29/12/23,S003,P0133,Clothing,North,43.5,5,Sunny,0,44.5,Winter,170.26
24/12/23,29/12/23,S004,P0096,Toys,South,65.81,5,Rainy,0,69.44,Winter,57.18
24/12/23,29/12/23,S004,P0016,Clothing,South,38.79,0,Cloudy,0,38.5,Winter,67.85
24/12/23,29/12/23,S004,P0031,Electronics,South,72.09,0,Sunny,0,70.56,Winter,131.75
24/12/23,29/12/23,S004,P0159,Electronics,South,18.17,10,Rainy,0,19.92,Winter,112.23
24/12/23,29/12/23,S004,P0129,Furniture,South,49.25,10,Sunny,0,46.29,Winter,85.47
24/12/23,29/12/23,S004,P0116,Furniture,South,94.69,0,Sunny,0,86.7,Winter,129.28
24/12/23,29/12/23,S004,P0070,Electronics,South,17.81,15,Sunny,0,18.33,Winter,102.41
24/12/23,29/12/23,S004,P0171,Electronics,South,30.42,10,Rainy,0,30.92,Winter,138.03
24/12/23,29/12/23,S004,P0175,Electronics,South,84.51,15,Rainy,0,82.58,Winter,49.65
24/12/23,29/12/23,S004,P0046,Clothing,South,82.54,5,Snowy,0,81.67,Winter,147.62
24/12/23,29/12/23,S004,P0067,Furniture,South,88.38,5,Sunny,0,91.93,Winter,45.65
24/12/23,29/12/23,S004,P0183,Electronics,South,45.03,0,Snowy,0,46.38,Winter,104.56
24/12/23,29/12/23,S004,P0166,Groceries,South,54.57,10,Snowy,0,55.49,Winter,136.63
24/12/23,29/12/23,S004,P0079,Furniture,South,30.85,0,Rainy,0,30.24,Winter,91.8
24/12/23,29/12/23,S004,P0187,Clothing,South,72.31,10,Sunny,0,72.54,Winter,143.92
24/12/23,29/12/23,S004,P0178,Clothing,South,15.73,15,Snowy,0,17.09,Winter,189.38
24/12/23,29/12/23,S004,P0057,Clothing,South,66.76,5,Snowy,0,70.65,Winter,169.58
24/12/23,29/12/23,S004,P0153,Furniture,South,80.27,0,Cloudy,0,75.85,Winter,94.75
24/12/23,29/12/23,S004,P0083,Toys,South,78.04,10,Sunny,0,78.91,Winter,129.5
24/12/23,29/12/23,S004,P0069,Clothing,South,49.92,5,Sunny,0,46.61,Winter,56.62
24/12/23,29/12/23,S004,P0125,Clothing,South,49.52,0,Snowy,0,45.77,Winter,163.32
24/12/23,29/12/23,S004,P0017,Toys,South,21.56,0,Rainy,0,21.56,Winter,87.74
24/12/23,29/12/23,S004,P0149,Furniture,South,95.09,10,Sunny,0,95.51,Winter,48.53
24/12/23,29/12/23,S004,P0094,Groceries,South,86.63,10,Rainy,1,81.06,Winter,136.2
24/12/23,29/12/23,S004,P0066,Clothing,South,88.12,10,Cloudy,1,91.37,Winter,189.48
24/12/23,29/12/23,S004,P0061,Clothing,South,43.04,15,Sunny,0,45.26,Winter,106.93
24/12/23,29/12/23,S004,P0085,Electronics,South,11.18,10,Cloudy,0,11.34,Winter,84.66
24/12/23,29/12/23,S004,P0068,Electronics,South,18.39,15,Sunny,0,17.77,Winter,115.55
24/12/23,29/12/23,S004,P0126,Clothing,South,18.15,0,Rainy,0,19.48,Winter,77.65
24/12/23,29/12/23,S004,P0133,Clothing,South,24.23,0,Sunny,0,25.15,Winter,80.91
24/12/23,29/12/23,S005,P0096,Toys,West,87.13,10,Sunny,1,88.05,Winter,110.24
24/12/23,29/12/23,S005,P0016,Clothing,West,98,10,Rainy,0,98.68,Winter,134.05
24/12/23,29/12/23,S005,P0031,Electronics,West,64.13,0,Rainy,0,59.5,Winter,48.05
24/12/23,29/12/23,S005,P0159,Electronics,West,47.96,10,Snowy,1,50.65,Winter,105.46
24/12/23,29/12/23,S005,P0129,Furniture,West,92.23,0,Rainy,0,91.03,Winter,68.52
24/12/23,29/12/23,S005,P0116,Furniture,West,35.52,10,Cloudy,0,32.65,Winter,57.48
24/12/23,29/12/23,S005,P0070,Electronics,West,75.58,15,Rainy,0,72.68,Winter,109.63
24/12/23,29/12/23,S005,P0171,Electronics,West,85.88,0,Sunny,0,86.72,Winter,129.74
24/12/23,29/12/23,S005,P0175,Electronics,West,17.9,10,Rainy,0,18.44,Winter,79.62
24/12/23,29/12/23,S005,P0046,Clothing,West,46.22,5,Cloudy,0,44.06,Winter,74.95
24/12/23,29/12/23,S005,P0067,Furniture,West,82.55,20,Sunny,0,87.55,Winter,102.1
24/12/23,29/12/23,S005,P0183,Electronics,West,24.89,20,Rainy,0,26.85,Winter,75.4
24/12/23,29/12/23,S005,P0166,Groceries,West,65.47,10,Snowy,0,63.54,Winter,46.82
24/12/23,29/12/23,S005,P0079,Furniture,West,79.68,0,Rainy,0,79.21,Winter,79.35
24/12/23,29/12/23,S005,P0187,Clothing,West,33.99,5,Cloudy,0,33.35,Winter,114.46
24/12/23,29/12/23,S005,P0178,Clothing,West,84.63,5,Cloudy,0,88.5,Winter,152.98
24/12/23,29/12/23,S005,P0057,Clothing,West,74.09,5,Snowy,0,78.94,Winter,179.54
24/12/23,29/12/23,S005,P0153,Furniture,West,36.8,0,Rainy,0,33.62,Winter,135.63
24/12/23,29/12/23,S005,P0083,Toys,West,95.21,0,Cloudy,1,95.16,Winter,82.48
24/12/23,29/12/23,S005,P0069,Clothing,West,84.72,0,Cloudy,0,82.31,Winter,121.59
24/12/23,29/12/23,S005,P0125,Clothing,West,91.69,0,Sunny,0,85.06,Winter,172.52
24/12/23,29/12/23,S005,P0017,Toys,West,39.66,10,Cloudy,0,38.15,Winter,110.66
24/12/23,29/12/23,S005,P0149,Furniture,West,76.05,5,Cloudy,0,74.98,Winter,81.22
24/12/23,29/12/23,S005,P0094,Groceries,West,50.15,0,Cloudy,0,46.9,Winter,126.47
24/12/23,29/12/23,S005,P0066,Clothing,West,44.75,0,Sunny,0,47.88,Winter,112.81
24/12/23,29/12/23,S005,P0061,Clothing,West,72.18,0,Rainy,0,74.27,Winter,153.32
24/12/23,29/12/23,S005,P0085,Electronics,West,54.78,0,Rainy,0,59.2,Winter,98.19
24/12/23,29/12/23,S005,P0068,Electronics,West,31.11,15,Sunny,0,28.24,Winter,132.19
24/12/23,29/12/23,S005,P0126,Clothing,West,96.54,10,Sunny,0,89.51,Winter,167.92
24/12/23,29/12/23,S005,P0133,Clothing,West,38.37,5,Rainy,0,37.66,Winter,189.39
24/12/23,30/12/23,S001,P0096,Toys,East,42.7,0,Snowy,0,45.61,Winter,101.17
24/12/23,30/12/23,S001,P0016,Clothing,East,67.08,20,Snowy,0,69.15,Winter,168.97
24/12/23,30/12/23,S001,P0031,Electronics,East,39.08,5,Sunny,0,41.08,Winter,85.51
24/12/23,30/12/23,S001,P0159,Electronics,East,35.18,5,Cloudy,0,37.7,Winter,100.46
24/12/23,30/12/23,S001,P0129,Furniture,East,32.25,0,Sunny,0,35.02,Winter,159.68
24/12/23,30/12/23,S001,P0116,Furniture,East,78.89,20,Rainy,0,77.01,Winter,114.09
24/12/23,30/12/23,S001,P0070,Electronics,East,91.56,20,Rainy,0,91.8,Winter,58.63
24/12/23,30/12/23,S001,P0171,Electronics,East,83.69,10,Snowy,1,86.63,Winter,43.65
24/12/23,30/12/23,S001,P0175,Electronics,East,40.69,0,Rainy,1,36.84,Winter,68.02
24/12/23,30/12/23,S001,P0046,Clothing,East,19.05,15,Snowy,1,18.45,Winter,18.37
24/12/23,30/12/23,S001,P0067,Furniture,East,84.85,10,Snowy,0,84.75,Winter,128.99
24/12/23,30/12/23,S001,P0183,Electronics,East,78.52,10,Cloudy,1,77.49,Winter,198.72
24/12/23,30/12/23,S001,P0166,Groceries,East,63.43,0,Cloudy,0,60.05,Winter,17.69
24/12/23,30/12/23,S001,P0079,Furniture,East,33.54,5,Sunny,0,35.64,Winter,120.97
24/12/23,30/12/23,S001,P0187,Clothing,East,93.14,0,Snowy,0,85.39,Winter,168.73
24/12/23,30/12/23,S001,P0178,Clothing,East,89.43,20,Rainy,1,97.1,Winter,124.51
24/12/23,30/12/23,S001,P0057,Clothing,East,43.69,0,Rainy,0,42.41,Winter,159.35
24/12/23,30/12/23,S001,P0153,Furniture,East,85.3,15,Sunny,0,79.09,Winter,64.39
24/12/23,30/12/23,S001,P0083,Toys,East,29.94,0,Sunny,0,29.6,Winter,119.45
24/12/23,30/12/23,S001,P0069,Clothing,East,34.34,0,Snowy,0,34.38,Winter,130.76
24/12/23,30/12/23,S001,P0125,Clothing,East,79.58,0,Cloudy,0,81.81,Winter,106.63
24/12/23,30/12/23,S001,P0017,Toys,East,74.1,20,Snowy,0,75.72,Winter,211.16
24/12/23,30/12/23,S001,P0149,Furniture,East,84.35,5,Snowy,0,76.9,Winter,91.39
24/12/23,30/12/23,S001,P0094,Groceries,East,86.34,10,Rainy,0,91.54,Winter,67.96
24/12/23,30/12/23,S001,P0066,Clothing,East,92.68,0,Cloudy,0,93.36,Winter,102.94
24/12/23,30/12/23,S001,P0061,Clothing,East,83.49,5,Rainy,0,77.71,Winter,154.27
24/12/23,30/12/23,S001,P0085,Electronics,East,64.33,5,Sunny,1,66.98,Winter,160.21
24/12/23,30/12/23,S001,P0068,Electronics,East,15.9,0,Rainy,1,16.57,Winter,97.11
24/12/23,30/12/23,S001,P0126,Clothing,East,24.25,10,Snowy,0,22.21,Winter,149.7
24/12/23,30/12/23,S001,P0133,Clothing,East,45.25,5,Sunny,0,49.74,Winter,142.62
24/12/23,30/12/23,S002,P0096,Toys,West,66.91,15,Rainy,0,60.44,Winter,103.92
24/12/23,30/12/23,S002,P0016,Clothing,West,70.12,10,Rainy,0,68.1,Winter,184.54
24/12/23,30/12/23,S002,P0031,Electronics,West,35.92,5,Sunny,0,38.42,Winter,33.77
24/12/23,30/12/23,S002,P0159,Electronics,West,20.4,15,Rainy,0,21.13,Winter,103.72
24/12/23,30/12/23,S002,P0129,Furniture,West,60.76,0,Cloudy,0,64.17,Winter,56.05
24/12/23,30/12/23,S002,P0116,Furniture,West,31.1,10,Sunny,0,32.99,Winter,126.18
24/12/23,30/12/23,S002,P0070,Electronics,West,52.34,0,Snowy,0,55.74,Winter,117.78
24/12/23,30/12/23,S002,P0171,Electronics,West,44.77,0,Sunny,0,47.52,Winter,170.4
24/12/23,30/12/23,S002,P0175,Electronics,West,82.36,0,Sunny,0,83.59,Winter,91.61
24/12/23,30/12/23,S002,P0046,Clothing,West,76.62,15,Rainy,0,77.91,Winter,166.34
24/12/23,30/12/23,S002,P0067,Furniture,West,47.12,10,Rainy,0,51.38,Winter,79.08
24/12/23,30/12/23,S002,P0183,Electronics,West,18.62,0,Sunny,0,18.15,Winter,103.02
24/12/23,30/12/23,S002,P0166,Groceries,West,23.94,0,Rainy,1,23.3,Winter,135.94
24/12/23,30/12/23,S002,P0079,Furniture,West,81.59,10,Cloudy,1,80.05,Winter,40.65
24/12/23,30/12/23,S002,P0187,Clothing,West,11.61,10,Cloudy,0,12.09,Winter,102.82
24/12/23,30/12/23,S002,P0178,Clothing,West,40.04,0,Rainy,1,39.86,Winter,258.71
24/12/23,30/12/23,S002,P0057,Clothing,West,64.19,0,Rainy,0,67.87,Winter,172.93
24/12/23,30/12/23,S002,P0153,Furniture,West,98.87,0,Snowy,0,101.42,Winter,32.26
24/12/23,30/12/23,S002,P0083,Toys,West,19.1,20,Rainy,0,17.67,Winter,47.02
24/12/23,30/12/23,S002,P0069,Clothing,West,29.95,10,Rainy,0,27.69,Winter,106.11
24/12/23,30/12/23,S002,P0125,Clothing,West,30.1,15,Snowy,1,29.04,Winter,241.66
24/12/23,30/12/23,S002,P0017,Toys,West,75.71,10,Cloudy,0,72.33,Winter,91.22
24/12/23,30/12/23,S002,P0149,Furniture,West,58.25,10,Sunny,0,58.31,Winter,72.03
24/12/23,30/12/23,S002,P0094,Groceries,West,59.4,15,Rainy,0,54.44,Winter,100.04
24/12/23,30/12/23,S002,P0066,Clothing,West,38.02,0,Rainy,0,36.05,Winter,129.91
24/12/23,30/12/23,S002,P0061,Clothing,West,74.31,0,Cloudy,0,67.13,Winter,233.08
24/12/23,30/12/23,S002,P0085,Electronics,West,20.09,20,Rainy,0,19.85,Winter,74.11
24/12/23,30/12/23,S002,P0068,Electronics,West,93.34,10,Cloudy,1,95.83,Winter,168.82
24/12/23,30/12/23,S002,P0126,Clothing,West,34.27,20,Rainy,0,37.4,Winter,96.45
24/12/23,30/12/23,S002,P0133,Clothing,West,75.09,5,Cloudy,0,68.61,Winter,160.18
24/12/23,30/12/23,S003,P0096,Toys,North,15.24,0,Sunny,0,15.1,Winter,99.24
24/12/23,30/12/23,S003,P0016,Clothing,North,64.05,20,Sunny,0,61.53,Winter,0
24/12/23,30/12/23,S003,P0031,Electronics,North,66.56,15,Rainy,1,72.48,Winter,151.75
24/12/23,30/12/23,S003,P0159,Electronics,North,85.47,0,Cloudy,0,81.35,Winter,111.42
24/12/23,30/12/23,S003,P0129,Furniture,North,12.68,10,Sunny,0,13.24,Winter,97.99
24/12/23,30/12/23,S003,P0116,Furniture,North,83.1,5,Snowy,0,78.86,Winter,111.83
24/12/23,30/12/23,S003,P0070,Electronics,North,24.1,0,Cloudy,0,23.42,Winter,97.4
24/12/23,30/12/23,S003,P0171,Electronics,North,94.69,10,Rainy,0,87.04,Winter,74.75
24/12/23,30/12/23,S003,P0175,Electronics,North,12.73,5,Sunny,1,12.17,Winter,125.88
24/12/23,30/12/23,S003,P0046,Clothing,North,91.26,15,Sunny,0,90.99,Winter,137.8
24/12/23,30/12/23,S003,P0067,Furniture,North,73.86,0,Cloudy,1,74.65,Winter,113.35
24/12/23,30/12/23,S003,P0183,Electronics,North,76.04,10,Cloudy,0,78.57,Winter,116.88
24/12/23,30/12/23,S003,P0166,Groceries,North,18.86,15,Sunny,0,18.37,Winter,140.96
24/12/23,30/12/23,S003,P0079,Furniture,North,58.15,15,Snowy,0,59.43,Winter,45.6
24/12/23,30/12/23,S003,P0187,Clothing,North,91.89,15,Rainy,0,83.74,Winter,186.25
24/12/23,30/12/23,S003,P0178,Clothing,North,65.93,0,Sunny,0,64.69,Winter,204.55
24/12/23,30/12/23,S003,P0057,Clothing,North,21.44,10,Cloudy,0,19.55,Winter,98.16
24/12/23,30/12/23,S003,P0153,Furniture,North,11.39,10,Rainy,0,12.22,Winter,106.72
24/12/23,30/12/23,S003,P0083,Toys,North,49.42,0,Cloudy,0,45.09,Winter,90.14
24/12/23,30/12/23,S003,P0069,Clothing,North,16.23,10,Snowy,0,17.74,Winter,196.74
24/12/23,30/12/23,S003,P0125,Clothing,North,49.59,0,Cloudy,1,49.39,Winter,84.4
24/12/23,30/12/23,S003,P0017,Toys,North,96.97,0,Cloudy,0,92.94,Winter,105.64
24/12/23,30/12/23,S003,P0149,Furniture,North,58.73,20,Snowy,0,64.31,Winter,42.77
24/12/23,30/12/23,S003,P0094,Groceries,North,35.24,10,Rainy,0,33.12,Winter,69.31
24/12/23,30/12/23,S003,P0066,Clothing,North,21.64,0,Cloudy,1,22.81,Winter,249.65
24/12/23,30/12/23,S003,P0061,Clothing,North,67.19,0,Rainy,0,65.37,Winter,151.74
24/12/23,30/12/23,S003,P0085,Electronics,North,44.05,10,Snowy,1,45.44,Winter,126.59
24/12/23,30/12/23,S003,P0068,Electronics,North,87.13,0,Rainy,0,83.6,Winter,96.21
24/12/23,30/12/23,S003,P0126,Clothing,North,47.53,0,Rainy,0,48.31,Winter,167.47
24/12/23,30/12/23,S003,P0133,Clothing,North,25.98,15,Snowy,0,26.24,Winter,137.9
24/12/23,30/12/23,S004,P0096,Toys,South,35.48,0,Sunny,0,36.03,Winter,117.05
24/12/23,30/12/23,S004,P0016,Clothing,South,52.11,10,Snowy,0,54.77,Winter,90.97
24/12/23,30/12/23,S004,P0031,Electronics,South,79.53,15,Sunny,0,72.34,Winter,123.61
24/12/23,30/12/23,S004,P0159,Electronics,South,37.27,5,Rainy,0,34.81,Winter,110.25
24/12/23,30/12/23,S004,P0129,Furniture,South,67.45,15,Sunny,1,66.5,Winter,69.26
24/12/23,30/12/23,S004,P0116,Furniture,South,18.82,5,Snowy,0,19.52,Winter,85.44
24/12/23,30/12/23,S004,P0070,Electronics,South,84.89,15,Cloudy,0,88.79,Winter,120.71
24/12/23,30/12/23,S004,P0171,Electronics,South,51.17,5,Cloudy,0,50.87,Winter,121.87
24/12/23,30/12/23,S004,P0175,Electronics,South,14.96,15,Rainy,0,16.16,Winter,80.63
24/12/23,30/12/23,S004,P0046,Clothing,South,12.63,5,Snowy,0,13.5,Winter,86.97
24/12/23,30/12/23,S004,P0067,Furniture,South,85.16,5,Snowy,1,83.42,Winter,112.48
24/12/23,30/12/23,S004,P0183,Electronics,South,25.63,5,Snowy,1,25.55,Winter,170.78
24/12/23,30/12/23,S004,P0166,Groceries,South,89.11,15,Rainy,0,96.27,Winter,96.29
24/12/23,30/12/23,S004,P0079,Furniture,South,97.31,10,Cloudy,0,91.39,Winter,132.63
24/12/23,30/12/23,S004,P0187,Clothing,South,34.57,10,Rainy,0,31.89,Winter,158.01
24/12/23,30/12/23,S004,P0178,Clothing,South,74.55,5,Snowy,0,70.6,Winter,113.78
24/12/23,30/12/23,S004,P0057,Clothing,South,44.25,15,Sunny,0,45.72,Winter,167.65
24/12/23,30/12/23,S004,P0153,Furniture,South,40.08,10,Cloudy,0,36.43,Winter,154.96
24/12/23,30/12/23,S004,P0083,Toys,South,86.18,20,Snowy,0,89.69,Winter,116.63
24/12/23,30/12/23,S004,P0069,Clothing,South,47.87,5,Snowy,0,48.56,Winter,97.86
24/12/23,30/12/23,S004,P0125,Clothing,South,70.03,10,Rainy,0,68.64,Winter,158.18
24/12/23,30/12/23,S004,P0017,Toys,South,45.13,10,Sunny,0,43.65,Winter,79.45
24/12/23,30/12/23,S004,P0149,Furniture,South,76.48,10,Rainy,0,72.94,Winter,80.14
24/12/23,30/12/23,S004,P0094,Groceries,South,34.71,15,Rainy,1,33.1,Winter,92.22
24/12/23,30/12/23,S004,P0066,Clothing,South,22.48,15,Cloudy,0,20.41,Winter,156.72
24/12/23,30/12/23,S004,P0061,Clothing,South,96.76,20,Sunny,0,87.27,Winter,156.46
24/12/23,30/12/23,S004,P0085,Electronics,South,25.71,5,Sunny,0,27.27,Winter,113.02
24/12/23,30/12/23,S004,P0068,Electronics,South,52.15,10,Sunny,0,47.84,Winter,153.51
24/12/23,30/12/23,S004,P0126,Clothing,South,61.32,15,Sunny,0,63.52,Winter,190.12
24/12/23,30/12/23,S004,P0133,Clothing,South,25.54,5,Snowy,0,23.63,Winter,153.62
24/12/23,30/12/23,S005,P0096,Toys,West,15.19,0,Snowy,0,14.17,Winter,103.98
24/12/23,30/12/23,S005,P0016,Clothing,West,48.29,10,Snowy,0,46.09,Winter,139.78
24/12/23,30/12/23,S005,P0031,Electronics,West,28.82,10,Rainy,0,31.03,Winter,121.99
24/12/23,30/12/23,S005,P0159,Electronics,West,91.79,20,Snowy,1,90.04,Winter,97.86
24/12/23,30/12/23,S005,P0129,Furniture,West,55.14,0,Rainy,0,59.2,Winter,82.99
24/12/23,30/12/23,S005,P0116,Furniture,West,24.28,20,Rainy,1,26.08,Winter,162.28
24/12/23,30/12/23,S005,P0070,Electronics,West,51.8,5,Snowy,0,55.13,Winter,82.69
24/12/23,30/12/23,S005,P0171,Electronics,West,37.93,10,Cloudy,0,39.1,Winter,81.5
24/12/23,30/12/23,S005,P0175,Electronics,West,38.88,5,Cloudy,0,38.91,Winter,89.24
24/12/23,30/12/23,S005,P0046,Clothing,West,32.93,10,Snowy,0,34.89,Winter,119.22
24/12/23,30/12/23,S005,P0067,Furniture,West,17.39,15,Snowy,1,16.05,Winter,180.85
24/12/23,30/12/23,S005,P0183,Electronics,West,54.63,0,Snowy,0,53.78,Winter,157.91
24/12/23,30/12/23,S005,P0166,Groceries,West,61.4,10,Rainy,0,65.45,Winter,79.49
24/12/23,30/12/23,S005,P0079,Furniture,West,20.72,5,Snowy,0,21.96,Winter,109.29
24/12/23,30/12/23,S005,P0187,Clothing,West,84.11,15,Sunny,0,80.47,Winter,178.73
24/12/23,30/12/23,S005,P0178,Clothing,West,92.1,10,Rainy,0,96.79,Winter,190.94
24/12/23,30/12/23,S005,P0057,Clothing,West,49.09,10,Rainy,0,52.74,Winter,155.88
24/12/23,30/12/23,S005,P0153,Furniture,West,27.07,5,Sunny,0,29.42,Winter,101.28
24/12/23,30/12/23,S005,P0083,Toys,West,80.54,0,Snowy,0,82,Winter,117.41
24/12/23,30/12/23,S005,P0069,Clothing,West,21.83,0,Sunny,0,23.31,Winter,146.92
24/12/23,30/12/23,S005,P0125,Clothing,West,18.18,15,Snowy,1,19.72,Winter,97.41
24/12/23,30/12/23,S005,P0017,Toys,West,57.71,10,Snowy,0,60.68,Winter,67.63
24/12/23,30/12/23,S005,P0149,Furniture,West,76.48,10,Snowy,0,76.95,Winter,129.32
24/12/23,30/12/23,S005,P0094,Groceries,West,49.2,10,Sunny,0,50.95,Winter,117.01
24/12/23,30/12/23,S005,P0066,Clothing,West,78.9,5,Sunny,1,82.22,Winter,149.73
24/12/23,30/12/23,S005,P0061,Clothing,West,92.04,5,Sunny,0,83.1,Winter,201.2
24/12/23,30/12/23,S005,P0085,Electronics,West,92.07,0,Rainy,0,96.96,Winter,57.43
24/12/23,30/12/23,S005,P0068,Electronics,West,56.41,5,Sunny,1,60.85,Winter,128.7
24/12/23,30/12/23,S005,P0126,Clothing,West,75.28,0,Cloudy,0,77.72,Winter,134.89
24/12/23,30/12/23,S005,P0133,Clothing,West,99.93,0,Sunny,0,108.27,Winter,83.81
24/12/23,31/12/23,S001,P0096,Toys,East,21.2,10,Rainy,0,22.27,Winter,98.23
24/12/23,31/12/23,S001,P0016,Clothing,East,40.68,5,Rainy,0,41.58,Winter,160.85
24/12/23,31/12/23,S001,P0031,Electronics,East,55.7,15,Snowy,0,60.78,Winter,106.62
24/12/23,31/12/23,S001,P0159,Electronics,East,45.14,20,Rainy,1,45.29,Winter,64
24/12/23,31/12/23,S001,P0129,Furniture,East,30.73,0,Cloudy,0,31.75,Winter,134.19
24/12/23,31/12/23,S001,P0116,Furniture,East,16.76,10,Snowy,1,16.19,Winter,137.79
24/12/23,31/12/23,S001,P0070,Electronics,East,72.82,10,Rainy,1,79.32,Winter,137.63
24/12/23,31/12/23,S001,P0171,Electronics,East,97.12,0,Sunny,0,103.79,Winter,95.58
24/12/23,31/12/23,S001,P0175,Electronics,East,92.28,0,Cloudy,0,94.13,Winter,35.75
24/12/23,31/12/23,S001,P0046,Clothing,East,92.05,0,Snowy,0,95.41,Winter,154.37
24/12/23,31/12/23,S001,P0067,Furniture,East,61.93,0,Rainy,0,63.57,Winter,48.25
24/12/23,31/12/23,S001,P0183,Electronics,East,43.58,0,Cloudy,1,46.18,Winter,147.27
24/12/23,31/12/23,S001,P0166,Groceries,East,71.9,10,Rainy,0,73.35,Winter,108.49
24/12/23,31/12/23,S001,P0079,Furniture,East,22.6,5,Rainy,1,21.39,Winter,85.19
24/12/23,31/12/23,S001,P0187,Clothing,East,98.68,15,Snowy,1,106.97,Winter,174.57
24/12/23,31/12/23,S001,P0178,Clothing,East,43.44,0,Rainy,0,40.45,Winter,121.29
24/12/23,31/12/23,S001,P0057,Clothing,East,34.11,0,Sunny,0,35.59,Winter,85.34
24/12/23,31/12/23,S001,P0153,Furniture,East,63.24,10,Sunny,0,63.24,Winter,133.45
24/12/23,31/12/23,S001,P0083,Toys,East,44.63,20,Snowy,0,41.34,Winter,92.16
24/12/23,31/12/23,S001,P0069,Clothing,East,15.32,5,Sunny,0,16.84,Winter,157.3
24/12/23,31/12/23,S001,P0125,Clothing,East,12.16,0,Cloudy,1,11.22,Winter,214.57
24/12/23,31/12/23,S001,P0017,Toys,East,43.53,10,Snowy,0,39.22,Winter,135.88
24/12/23,31/12/23,S001,P0149,Furniture,East,96.17,5,Rainy,0,101.64,Winter,137.24
24/12/23,31/12/23,S001,P0094,Groceries,East,97.2,5,Cloudy,0,104.84,Winter,142.99
24/12/23,31/12/23,S001,P0066,Clothing,East,85.8,0,Snowy,0,94.24,Winter,196.6
24/12/23,31/12/23,S001,P0061,Clothing,East,35.11,15,Rainy,1,33.66,Winter,183.82
24/12/23,31/12/23,S001,P0085,Electronics,East,47.14,5,Sunny,1,45.76,Winter,59.72
24/12/23,31/12/23,S001,P0068,Electronics,East,32.16,0,Snowy,0,33.38,Winter,80.5
24/12/23,31/12/23,S001,P0126,Clothing,East,61.03,15,Sunny,0,62.02,Winter,198.45
24/12/23,31/12/23,S001,P0133,Clothing,East,76.23,10,Sunny,1,79.24,Winter,250.73
24/12/23,31/12/23,S002,P0096,Toys,West,79.63,5,Snowy,0,82.33,Winter,56.51
24/12/23,31/12/23,S002,P0016,Clothing,West,49.78,0,Rainy,0,45.73,Winter,157.8
24/12/23,31/12/23,S002,P0031,Electronics,West,38.19,10,Rainy,0,40.87,Winter,83.43
24/12/23,31/12/23,S002,P0159,Electronics,West,19.56,0,Snowy,0,21.41,Winter,124.9
24/12/23,31/12/23,S002,P0129,Furniture,West,33.02,10,Sunny,0,34.98,Winter,53.28
24/12/23,31/12/23,S002,P0116,Furniture,West,67.89,0,Snowy,0,62,Winter,58.08
24/12/23,31/12/23,S002,P0070,Electronics,West,59.44,10,Cloudy,0,60.96,Winter,52.58
24/12/23,31/12/23,S002,P0171,Electronics,West,78.54,0,Rainy,0,78.34,Winter,122.66
24/12/23,31/12/23,S002,P0175,Electronics,West,66.92,5,Cloudy,0,73.28,Winter,145.71
24/12/23,31/12/23,S002,P0046,Clothing,West,75.85,10,Snowy,0,75.1,Winter,155.6
24/12/23,31/12/23,S002,P0067,Furniture,West,21.01,0,Cloudy,1,21.25,Winter,173.36
24/12/23,31/12/23,S002,P0183,Electronics,West,10.34,10,Cloudy,0,10.44,Winter,105.71
24/12/23,31/12/23,S002,P0166,Groceries,West,51.87,5,Cloudy,0,54.42,Winter,106.56
24/12/23,31/12/23,S002,P0079,Furniture,West,77.15,0,Rainy,0,79.36,Winter,78.7
24/12/23,31/12/23,S002,P0187,Clothing,West,31.9,10,Snowy,0,31.9,Winter,105.57
24/12/23,31/12/23,S002,P0178,Clothing,West,49.93,5,Sunny,0,50.48,Winter,143.87
24/12/23,31/12/23,S002,P0057,Clothing,West,89.56,0,Snowy,0,91.67,Winter,167.65
24/12/23,31/12/23,S002,P0153,Furniture,West,88.57,10,Sunny,0,81.04,Winter,75
24/12/23,31/12/23,S002,P0083,Toys,West,31.23,10,Rainy,1,32.37,Winter,28.51
24/12/23,31/12/23,S002,P0069,Clothing,West,45.22,0,Snowy,0,46.16,Winter,83.78
24/12/23,31/12/23,S002,P0125,Clothing,West,69.36,5,Rainy,0,68.81,Winter,105.05
24/12/23,31/12/23,S002,P0017,Toys,West,18.07,5,Snowy,0,18.15,Winter,134.56
24/12/23,31/12/23,S002,P0149,Furniture,West,24.14,0,Sunny,0,24.64,Winter,99.37
24/12/23,31/12/23,S002,P0094,Groceries,West,44.98,0,Cloudy,0,43.01,Winter,94.02
24/12/23,31/12/23,S002,P0066,Clothing,West,57.46,0,Cloudy,0,59.44,Winter,138.74
24/12/23,31/12/23,S002,P0061,Clothing,West,66.75,0,Rainy,1,66.9,Winter,147.02
24/12/23,31/12/23,S002,P0085,Electronics,West,80.58,10,Rainy,0,75.52,Winter,55.36
24/12/23,31/12/23,S002,P0068,Electronics,West,86.58,0,Rainy,0,90.88,Winter,66.94
24/12/23,31/12/23,S002,P0126,Clothing,West,65.78,10,Cloudy,0,61.77,Winter,133.55
24/12/23,31/12/23,S002,P0133,Clothing,West,97.79,0,Snowy,0,89.08,Winter,136.46
24/12/23,31/12/23,S003,P0096,Toys,North,27.42,10,Snowy,0,26.74,Winter,94.86
24/12/23,31/12/23,S003,P0016,Clothing,North,23.83,0,Snowy,0,24.99,Winter,132.04
24/12/23,31/12/23,S003,P0031,Electronics,North,98.81,0,Sunny,0,107.84,Winter,46.5
24/12/23,31/12/23,S003,P0159,Electronics,North,72.12,5,Cloudy,0,73.9,Winter,124.82
24/12/23,31/12/23,S003,P0129,Furniture,North,38.93,20,Cloudy,0,42.61,Winter,102.66
24/12/23,31/12/23,S003,P0116,Furniture,North,37.17,0,Rainy,1,35,Winter,72.08
24/12/23,31/12/23,S003,P0070,Electronics,North,79.68,0,Snowy,1,73.75,Winter,112.57
24/12/23,31/12/23,S003,P0171,Electronics,North,16.15,5,Sunny,0,14.93,Winter,67.34
24/12/23,31/12/23,S003,P0175,Electronics,North,62.78,5,Sunny,0,56.56,Winter,72.17
24/12/23,31/12/23,S003,P0046,Clothing,North,13.93,10,Rainy,0,14.02,Winter,144.64
24/12/23,31/12/23,S003,P0067,Furniture,North,40.26,10,Snowy,0,38.37,Winter,98.84
24/12/23,31/12/23,S003,P0183,Electronics,North,30.06,5,Sunny,0,32.29,Winter,114.81
24/12/23,31/12/23,S003,P0166,Groceries,North,37.73,0,Rainy,0,34.57,Winter,28.46
24/12/23,31/12/23,S003,P0079,Furniture,North,69.84,0,Cloudy,0,71.87,Winter,68.98
24/12/23,31/12/23,S003,P0187,Clothing,North,59.54,5,Cloudy,0,64.73,Winter,181.48
24/12/23,31/12/23,S003,P0178,Clothing,North,15.77,5,Cloudy,0,15.13,Winter,72.23
24/12/23,31/12/23,S003,P0057,Clothing,North,24.76,10,Rainy,0,25.78,Winter,61.71
24/12/23,31/12/23,S003,P0153,Furniture,North,88.53,5,Rainy,0,85.2,Winter,73.98
24/12/23,31/12/23,S003,P0083,Toys,North,35.77,0,Snowy,0,36.29,Winter,115.37
24/12/23,31/12/23,S003,P0069,Clothing,North,20.76,10,Rainy,0,19.7,Winter,85.61
24/12/23,31/12/23,S003,P0125,Clothing,North,36.08,0,Cloudy,0,39.21,Winter,154.6
24/12/23,31/12/23,S003,P0017,Toys,North,52.56,20,Sunny,0,54.05,Winter,153.2
24/12/23,31/12/23,S003,P0149,Furniture,North,52.58,20,Rainy,0,51.28,Winter,67.79
24/12/23,31/12/23,S003,P0094,Groceries,North,60.69,0,Sunny,0,64.6,Winter,116.74
24/12/23,31/12/23,S003,P0066,Clothing,North,23.25,10,Cloudy,0,21.48,Winter,168.1
24/12/23,31/12/23,S003,P0061,Clothing,North,97.36,10,Snowy,1,94.26,Winter,94.67
24/12/23,31/12/23,S003,P0085,Electronics,North,23.19,5,Snowy,0,23.91,Winter,95.38
24/12/23,31/12/23,S003,P0068,Electronics,North,14.96,5,Snowy,0,15.51,Winter,42.96
24/12/23,31/12/23,S003,P0126,Clothing,North,41.63,0,Cloudy,0,41.48,Winter,228.41
24/12/23,31/12/23,S003,P0133,Clothing,North,26.44,20,Sunny,0,27.11,Winter,119.83
24/12/23,31/12/23,S004,P0096,Toys,South,32.42,15,Cloudy,0,29.98,Winter,155.5
24/12/23,31/12/23,S004,P0016,Clothing,South,97.8,0,Sunny,0,90.61,Winter,179.53
24/12/23,31/12/23,S004,P0031,Electronics,South,90.11,15,Sunny,1,97.54,Winter,142.79
24/12/23,31/12/23,S004,P0159,Electronics,South,14.94,10,Sunny,0,14.74,Winter,117.88
24/12/23,31/12/23,S004,P0129,Furniture,South,84.48,15,Cloudy,1,88.4,Winter,125.32
24/12/23,31/12/23,S004,P0116,Furniture,South,14.66,5,Sunny,0,13.66,Winter,157.41
24/12/23,31/12/23,S004,P0070,Electronics,South,49.43,0,Snowy,0,49.53,Winter,86.01
24/12/23,31/12/23,S004,P0171,Electronics,South,88.15,0,Snowy,0,90.17,Winter,139.6
24/12/23,31/12/23,S004,P0175,Electronics,South,56.24,10,Rainy,0,57.23,Winter,101.88
24/12/23,31/12/23,S004,P0046,Clothing,South,99.15,5,Sunny,0,94.83,Winter,177.41
24/12/23,31/12/23,S004,P0067,Furniture,South,61.69,0,Rainy,0,61.61,Winter,51.7
24/12/23,31/12/23,S004,P0183,Electronics,South,11.37,0,Rainy,0,11.52,Winter,121.01
24/12/23,31/12/23,S004,P0166,Groceries,South,40.96,20,Snowy,0,39.9,Winter,76.13
24/12/23,31/12/23,S004,P0079,Furniture,South,92.09,0,Cloudy,0,90.2,Winter,81.47
24/12/23,31/12/23,S004,P0187,Clothing,South,32.89,15,Snowy,0,31.56,Winter,121.46
24/12/23,31/12/23,S004,P0178,Clothing,South,43.69,5,Snowy,0,41.48,Winter,132.63
24/12/23,31/12/23,S004,P0057,Clothing,South,21.81,10,Rainy,1,20.18,Winter,261.79
24/12/23,31/12/23,S004,P0153,Furniture,South,75.57,15,Rainy,0,70.93,Winter,87.98
24/12/23,31/12/23,S004,P0083,Toys,South,96.28,10,Rainy,1,104.64,Winter,91.47
24/12/23,31/12/23,S004,P0069,Clothing,South,96.11,20,Cloudy,0,104.44,Winter,117.87
24/12/23,31/12/23,S004,P0125,Clothing,South,37.27,0,Snowy,1,36.77,Winter,188.29
24/12/23,31/12/23,S004,P0017,Toys,South,97.11,10,Rainy,0,104.76,Winter,108.55
24/12/23,31/12/23,S004,P0149,Furniture,South,69.62,15,Cloudy,0,71.9,Winter,90.28
24/12/23,31/12/23,S004,P0094,Groceries,South,16.84,0,Snowy,0,16.87,Winter,136.67
24/12/23,31/12/23,S004,P0066,Clothing,South,16.74,0,Cloudy,0,15.92,Winter,71.14
24/12/23,31/12/23,S004,P0061,Clothing,South,88.55,15,Sunny,0,91.93,Winter,58.54
24/12/23,31/12/23,S004,P0085,Electronics,South,77.66,10,Sunny,1,75.55,Winter,95.83
24/12/23,31/12/23,S004,P0068,Electronics,South,33.48,20,Rainy,0,35.66,Winter,93.12
24/12/23,31/12/23,S004,P0126,Clothing,South,11.38,0,Snowy,1,10.99,Winter,72.15
24/12/23,31/12/23,S004,P0133,Clothing,South,64.6,5,Rainy,0,64.6,Winter,115.02
24/12/23,31/12/23,S005,P0096,Toys,West,86.71,5,Sunny,0,81.89,Winter,135.48
24/12/23,31/12/23,S005,P0016,Clothing,West,55.46,10,Cloudy,0,57.09,Winter,198.31
24/12/23,31/12/23,S005,P0031,Electronics,West,71.41,0,Rainy,0,76.65,Winter,61.83
24/12/23,31/12/23,S005,P0159,Electronics,West,46.14,5,Sunny,0,42.2,Winter,137.33
24/12/23,31/12/23,S005,P0129,Furniture,West,40.03,0,Snowy,0,39.68,Winter,127.4
24/12/23,31/12/23,S005,P0116,Furniture,West,47.71,10,Rainy,1,50.29,Winter,74.51
24/12/23,31/12/23,S005,P0070,Electronics,West,44.18,10,Sunny,0,44.92,Winter,85.15
24/12/23,31/12/23,S005,P0171,Electronics,West,95.94,5,Rainy,1,91.92,Winter,151.41
24/12/23,31/12/23,S005,P0175,Electronics,West,81.47,0,Snowy,0,89.02,Winter,117.47
24/12/23,31/12/23,S005,P0046,Clothing,West,41.32,0,Rainy,0,40.28,Winter,159.19
24/12/23,31/12/23,S005,P0067,Furniture,West,88.42,10,Cloudy,0,96.95,Winter,107.05
24/12/23,31/12/23,S005,P0183,Electronics,West,90.56,10,Rainy,0,87.96,Winter,118.85
24/12/23,31/12/23,S005,P0166,Groceries,West,84.27,10,Rainy,0,77.01,Winter,125.98
24/12/23,31/12/23,S005,P0079,Furniture,West,67.9,10,Sunny,0,70.47,Winter,123.52
24/12/23,31/12/23,S005,P0187,Clothing,West,44.39,10,Sunny,1,40.01,Winter,227.84
24/12/23,31/12/23,S005,P0178,Clothing,West,52.98,5,Rainy,0,49.56,Winter,156.13
24/12/23,31/12/23,S005,P0057,Clothing,West,33.26,20,Snowy,0,34.69,Winter,115.05
24/12/23,31/12/23,S005,P0153,Furniture,West,22.67,0,Sunny,0,22.21,Winter,94.47
24/12/23,31/12/23,S005,P0083,Toys,West,18.9,0,Sunny,0,18.38,Winter,75.96
24/12/23,31/12/23,S005,P0069,Clothing,West,37.28,20,Snowy,0,34.9,Winter,153.8
24/12/23,31/12/23,S005,P0125,Clothing,West,99.43,5,Rainy,0,90.94,Winter,252.62
24/12/23,31/12/23,S005,P0017,Toys,West,95.26,10,Snowy,0,102.15,Winter,83.61
24/12/23,31/12/23,S005,P0149,Furniture,West,80.46,15,Sunny,0,84.26,Winter,90.89
24/12/23,31/12/23,S005,P0094,Groceries,West,27.18,0,Sunny,0,28.72,Winter,46.19
24/12/23,31/12/23,S005,P0066,Clothing,West,67.59,10,Snowy,0,72.16,Winter,152.14
24/12/23,31/12/23,S005,P0061,Clothing,West,94.32,15,Sunny,0,93.06,Winter,133.44
24/12/23,31/12/23,S005,P0085,Electronics,West,72.6,10,Snowy,0,79.16,Winter,91.51
24/12/23,31/12/23,S005,P0068,Electronics,West,51.38,0,Rainy,0,52.1,Winter,121.82
24/12/23,31/12/23,S005,P0126,Clothing,West,90.04,0,Sunny,0,85.16,Winter,153.02
24/12/23,31/12/23,S005,P0133,Clothing,West,90.71,10,Rainy,0,96.85,Winter,171.8