forecasted_on,full_date,store_id,product_id,category,region,selling_price,discount_applied,weather_condition,is_promotion_active,competitor_price,season,demand_forecast
2023-12-24,2023-12-25,S001,P0096,Toys,East,63.86,20.0,Sunny,False,57.8,Winter,105.49
2023-12-24,2023-12-25,S001,P0016,Clothing,East,60.1,20.0,Rainy,False,65.73,Winter,218.99
2023-12-24,2023-12-25,S001,P0031,Electronics,East,30.49,0.0,Snowy,False,31.27,Winter,77.39
2023-12-24,2023-12-25,S001,P0159,Electronics,East,46.38,5.0,Rainy,True,43.7,Winter,111.5
2023-12-24,2023-12-25,S001,P0129,Furniture,East,84.7,10.0,Sunny,False,80.75,Winter,101.27
2023-12-24,2023-12-25,S001,P0116,Furniture,East,24.97,5.0,Rainy,False,24.86,Winter,94.51
2023-12-24,2023-12-25,S001,P0070,Electronics,East,75.71,5.0,Cloudy,False,79.8,Winter,82.63
2023-12-24,2023-12-25,S001,P0171,Electronics,East,43.4,0.0,Cloudy,False,43.29,Winter,92.28
2023-12-24,2023-12-25,S001,P0175,Electronics,East,77.84,5.0,Snowy,False,77.15,Winter,108.69
2023-12-24,2023-12-25,S001,P0046,Clothing,East,53.64,0.0,Sunny,False,52.48,Winter,187.72
2023-12-24,2023-12-25,S001,P0067,Furniture,East,84.13,0.0,Rainy,False,87.11,Winter,115.61
2023-12-24,2023-12-25,S001,P0183,Electronics,East,72.56,15.0,Cloudy,False,69.24,Winter,120.46
2023-12-24,2023-12-25,S001,P0166,Groceries,East,43.04,10.0,Snowy,False,47.17,Winter,119.48
2023-12-24,2023-12-25,S001,P0079,Furniture,East,34.37,5.0,Snowy,False,37.05,Winter,131.27
2023-12-24,2023-12-25,S001,P0187,Clothing,East,56.01,10.0,Cloudy,False,51.51,Winter,157.85
2023-12-24,2023-12-25,S001,P0178,Clothing,East,59.54,10.0,Rainy,False,64.13,Winter,155.18
2023-12-24,2023-12-25,S001,P0057,Clothing,East,80.9,20.0,Rainy,False,86.59,Winter,136.16
2023-12-24,2023-12-25,S001,P0153,Furniture,East,36.61,0.0,Sunny,False,40.21,Winter,94.12
2023-12-24,2023-12-25,S001,P0083,Toys,East,26.33,10.0,Cloudy,True,25.16,Winter,138.21
2023-12-24,2023-12-25,S001,P0069,Clothing,East,21.99,5.0,Sunny,False,23.38,Winter,160.66
2023-12-24,2023-12-25,S001,P0125,Clothing,East,33.06,10.0,Rainy,True,34.25,Winter,163.53
2023-12-24,2023-12-25,S001,P0017,Toys,East,69.37,15.0,Snowy,False,74.05,Winter,138.93
2023-12-24,2023-12-25,S001,P0149,Furniture,East,42.57,5.0,Cloudy,False,45.77,Winter,79.55
2023-12-24,2023-12-25,S001,P0094,Groceries,East,10.46,0.0,Rainy,False,10.26,Winter,56.28
2023-12-24,2023-12-25,S001,P0066,Clothing,East,21.96,0.0,Rainy,False,21.12,Winter,49.44
2023-12-24,2023-12-25,S001,P0061,Clothing,East,63.11,10.0,Sunny,False,68.26,Winter,170.28
2023-12-24,2023-12-25,S001,P0085,Electronics,East,38.31,5.0,Rainy,False,41.82,Winter,54.99
2023-12-24,2023-12-25,S001,P0068,Electronics,East,37.53,10.0,Sunny,False,40.48,Winter,51.85
2023-12-24,2023-12-25,S001,P0126,Clothing,East,30.62,0.0,Snowy,False,33.51,Winter,200.68
2023-12-24,2023-12-25,S001,P0133,Clothing,East,63.45,10.0,Rainy,True,68.45,Winter,248.29
2023-12-24,2023-12-25,S002,P0096,Toys,West,74.39,10.0,Cloudy,False,80.85,Winter,62.4
2023-12-24,2023-12-25,S002,P0016,Clothing,West,98.5,10.0,Rainy,False,103.17,Winter,157.04
2023-12-24,2023-12-25,S002,P0031,Electronics,West,15.0,0.0,Snowy,False,16.44,Winter,58.52
2023-12-24,2023-12-25,S002,P0159,Electronics,West,81.71,10.0,Snowy,False,82.35,Winter,66.79
2023-12-24,2023-12-25,S002,P0129,Furniture,West,58.54,20.0,Cloudy,False,60.88,Winter,28.95
2023-12-24,2023-12-25,S002,P0116,Furniture,West,94.18,10.0,Cloudy,False,94.88,Winter,97.79
2023-12-24,2023-12-25,S002,P0070,Electronics,West,83.31,10.0,Sunny,False,88.92,Winter,74.44
2023-12-24,2023-12-25,S002,P0171,Electronics,West,45.63,5.0,Rainy,False,44.62,Winter,41.89
2023-12-24,2023-12-25,S002,P0175,Electronics,West,98.24,10.0,Cloudy,False,98.59,Winter,105.67
2023-12-24,2023-12-25,S002,P0046,Clothing,West,79.0,20.0,Cloudy,False,86.11,Winter,81.55
2023-12-24,2023-12-25,S002,P0067,Furniture,West,11.16,20.0,Sunny,False,12.25,Winter,80.9
2023-12-24,2023-12-25,S002,P0183,Electronics,West,63.03,10.0,Sunny,False,59.16,Winter,57.91
2023-12-24,2023-12-25,S002,P0166,Groceries,West,96.16,5.0,Rainy,True,100.37,Winter,171.84
2023-12-24,2023-12-25,S002,P0079,Furniture,West,40.44,10.0,Rainy,False,41.38,Winter,108.57
2023-12-24,2023-12-25,S002,P0187,Clothing,West,99.04,15.0,Rainy,False,99.12,Winter,112.08
2023-12-24,2023-12-25,S002,P0178,Clothing,West,31.42,5.0,Snowy,True,34.51,Winter,183.25
2023-12-24,2023-12-25,S002,P0057,Clothing,West,83.37,20.0,Sunny,False,78.26,Winter,149.41
2023-12-24,2023-12-25,S002,P0153,Furniture,West,45.98,0.0,Snowy,False,48.39,Winter,80.07
2023-12-24,2023-12-25,S002,P0083,Toys,West,47.87,5.0,Cloudy,False,48.32,Winter,164.24
2023-12-24,2023-12-25,S002,P0069,Clothing,West,15.17,0.0,Snowy,False,14.06,Winter,89.55
2023-12-24,2023-12-25,S002,P0125,Clothing,West,89.61,0.0,Cloudy,False,82.51,Winter,166.92
2023-12-24,2023-12-25,S002,P0017,Toys,West,73.49,10.0,Rainy,True,76.62,Winter,147.78
2023-12-24,2023-12-25,S002,P0149,Furniture,West,91.58,10.0,Rainy,False,88.7,Winter,119.19
2023-12-24,2023-12-25,S002,P0094,Groceries,West,68.1,20.0,Sunny,True,69.66,Winter,118.33
2023-12-24,2023-12-25,S002,P0066,Clothing,West,35.55,10.0,Rainy,True,37.08,Winter,213.37
2023-12-24,2023-12-25,S002,P0061,Clothing,West,14.37,15.0,Snowy,False,15.8,Winter,236.88
2023-12-24,2023-12-25,S002,P0085,Electronics,West,82.22,10.0,Rainy,False,75.5,Winter,102.26
2023-12-24,2023-12-25,S002,P0068,Electronics,West,16.43,5.0,Sunny,False,15.3,Winter,133.79
2023-12-24,2023-12-25,S002,P0126,Clothing,West,71.97,0.0,Sunny,False,72.77,Winter,65.5
2023-12-24,2023-12-25,S002,P0133,Clothing,West,88.3,15.0,Cloudy,False,80.26,Winter,131.88
2023-12-24,2023-12-25,S003,P0096,Toys,North,99.52,10.0,Rainy,False,99.71,Winter,55.11
2023-12-24,2023-12-25,S003,P0016,Clothing,North,18.01,20.0,Cloudy,False,17.32,Winter,91.02
2023-12-24,2023-12-25,S003,P0031,Electronics,North,12.22,0.0,Snowy,False,11.58,Winter,64.64
2023-12-24,2023-12-25,S003,P0159,Electronics,North,77.27,10.0,Rainy,False,78.01,Winter,99.59
2023-12-24,2023-12-25,S003,P0129,Furniture,North,43.68,10.0,Cloudy,False,46.05,Winter,85.27
2023-12-24,2023-12-25,S003,P0116,Furniture,North,17.08,20.0,Cloudy,False,17.46,Winter,85.58
2023-12-24,2023-12-25,S003,P0070,Electronics,North,99.07,0.0,Rainy,False,90.95,Winter,82.66
2023-12-24,2023-12-25,S003,P0171,Electronics,North,94.07,15.0,Sunny,False,86.28,Winter,134.6
2023-12-24,2023-12-25,S003,P0175,Electronics,North,91.1,10.0,Sunny,False,99.95,Winter,106.54
2023-12-24,2023-12-25,S003,P0046,Clothing,North,33.12,15.0,Sunny,True,35.91,Winter,88.46
2023-12-24,2023-12-25,S003,P0067,Furniture,North,75.45,0.0,Cloudy,False,69.79,Winter,139.39
2023-12-24,2023-12-25,S003,P0183,Electronics,North,52.78,0.0,Cloudy,False,51.97,Winter,52.1
2023-12-24,2023-12-25,S003,P0166,Groceries,North,70.77,0.0,Cloudy,True,64.18,Winter,104.08
2023-12-24,2023-12-25,S003,P0079,Furniture,North,73.96,10.0,Snowy,False,68.38,Winter,103.26
2023-12-24,2023-12-25,S003,P0187,Clothing,North,85.14,10.0,Sunny,False,79.76,Winter,148.17
2023-12-24,2023-12-25,S003,P0178,Clothing,North,91.64,15.0,Sunny,False,98.04,Winter,78.72
2023-12-24,2023-12-25,S003,P0057,Clothing,North,18.95,0.0,Cloudy,False,18.98,Winter,128.14
2023-12-24,2023-12-25,S003,P0153,Furniture,North,62.35,10.0,Snowy,False,59.83,Winter,59.75
2023-12-24,2023-12-25,S003,P0083,Toys,North,75.35,0.0,Sunny,False,69.13,Winter,113.1
2023-12-24,2023-12-25,S003,P0069,Clothing,North,36.0,0.0,Rainy,False,33.15,Winter,94.25
2023-12-24,2023-12-25,S003,P0125,Clothing,North,34.88,0.0,Cloudy,False,31.6,Winter,134.65
2023-12-24,2023-12-25,S003,P0017,Toys,North,47.15,10.0,Sunny,False,46.43,Winter,159.32
2023-12-24,2023-12-25,S003,P0149,Furniture,North,83.74,20.0,Rainy,False,82.95,Winter,100.1
2023-12-24,2023-12-25,S003,P0094,Groceries,North,54.28,5.0,Snowy,False,49.7,Winter,136.68
2023-12-24,2023-12-25,S003,P0066,Clothing,North,43.4,0.0,Snowy,False,47.36,Winter,159.29
2023-12-24,2023-12-25,S003,P0061,Clothing,North,68.47,0.0,Snowy,False,75.16,Winter,103.37
2023-12-24,2023-12-25,S003,P0085,Electronics,North,82.45,0.0,Rainy,False,81.8,Winter,31.42
2023-12-24,2023-12-25,S003,P0068,Electronics,North,77.13,5.0,Snowy,False,82.39,Winter,149.82
2023-12-24,2023-12-25,S003,P0126,Clothing,North,74.47,20.0,Rainy,False,69.49,Winter,108.51
2023-12-24,2023-12-25,S003,P0133,Clothing,North,49.7,15.0,Snowy,False,45.03,Winter,143.08
2023-12-24,2023-12-25,S004,P0096,Toys,South,28.28,0.0,Sunny,False,26.11,Winter,96.11
2023-12-24,2023-12-25,S004,P0016,Clothing,South,64.49,10.0,Cloudy,False,62.03,Winter,164.98
2023-12-24,2023-12-25,S004,P0031,Electronics,South,76.32,0.0,Cloudy,False,71.84,Winter,83.54
2023-12-24,2023-12-25,S004,P0159,Electronics,South,23.6,10.0,Cloudy,False,22.59,Winter,105.88
2023-12-24,2023-12-25,S004,P0129,Furniture,South,11.29,0.0,Sunny,False,10.41,Winter,55.55
2023-12-24,2023-12-25,S004,P0116,Furniture,South,14.29,0.0,Snowy,False,13.38,Winter,115.91
2023-12-24,2023-12-25,S004,P0070,Electronics,South,53.54,5.0,Cloudy,False,52.18,Winter,138.01
2023-12-24,2023-12-25,S004,P0171,Electronics,South,79.64,0.0,Rainy,False,81.95,Winter,35.3
2023-12-24,2023-12-25,S004,P0175,Electronics,South,73.56,10.0,Sunny,False,74.59,Winter,72.71
2023-12-24,2023-12-25,S004,P0046,Clothing,South,82.68,0.0,Snowy,False,85.44,Winter,103.97
2023-12-24,2023-12-25,S004,P0067,Furniture,South,62.39,0.0,Rainy,False,68.18,Winter,128.95
2023-12-24,2023-12-25,S004,P0183,Electronics,South,79.23,15.0,Rainy,True,82.78,Winter,106.99
2023-12-24,2023-12-25,S004,P0166,Groceries,South,68.65,0.0,Rainy,False,71.12,Winter,143.13
2023-12-24,2023-12-25,S004,P0079,Furniture,South,85.78,20.0,Rainy,True,84.85,Winter,140.87
2023-12-24,2023-12-25,S004,P0187,Clothing,South,22.22,5.0,Rainy,False,23.98,Winter,86.07
2023-12-24,2023-12-25,S004,P0178,Clothing,South,47.07,0.0,Snowy,False,50.37,Winter,121.25
2023-12-24,2023-12-25,S004,P0057,Clothing,South,56.44,0.0,Sunny,False,57.31,Winter,41.4
2023-12-24,2023-12-25,S004,P0153,Furniture,South,79.34,5.0,Rainy,True,81.23,Winter,34.27
2023-12-24,2023-12-25,S004,P0083,Toys,South,31.51,20.0,Snowy,False,31.35,Winter,53.1
2023-12-24,2023-12-25,S004,P0069,Clothing,South,83.21,0.0,Snowy,True,84.22,Winter,150.64
2023-12-24,2023-12-25,S004,P0125,Clothing,South,88.71,5.0,Sunny,False,92.92,Winter,157.9
2023-12-24,2023-12-25,S004,P0017,Toys,South,88.99,10.0,Rainy,True,94.62,Winter,79.7
2023-12-24,2023-12-25,S004,P0149,Furniture,South,96.38,5.0,Sunny,False,102.15,Winter,95.11
2023-12-24,2023-12-25,S004,P0094,Groceries,South,37.93,0.0,Cloudy,False,36.85,Winter,133.02
2023-12-24,2023-12-25,S004,P0066,Clothing,South,84.24,0.0,Snowy,False,80.58,Winter,83.1
2023-12-24,2023-12-25,S004,P0061,Clothing,South,58.4,5.0,Cloudy,True,59.63,Winter,109.55
2023-12-24,2023-12-25,S004,P0085,Electronics,South,76.42,0.0,Cloudy,False,74.46,Winter,46.65
2023-12-24,2023-12-25,S004,P0068,Electronics,South,59.63,20.0,Rainy,True,64.49,Winter,88.01
2023-12-24,2023-12-25,S004,P0126,Clothing,South,44.23,0.0,Snowy,False,40.79,Winter,115.22
2023-12-24,2023-12-25,S004,P0133,Clothing,South,37.76,15.0,Sunny,True,39.61,Winter,135.32
2023-12-24,2023-12-25,S005,P0096,Toys,West,39.02,0.0,Cloudy,True,40.72,Winter,94.23
2023-12-24,2023-12-25,S005,P0016,Clothing,West,26.12,0.0,Snowy,False,28.72,Winter,173.14
2023-12-24,2023-12-25,S005,P0031,Electronics,West,47.51,5.0,Sunny,False,45.83,Winter,68.94
2023-12-24,2023-12-25,S005,P0159,Electronics,West,31.34,15.0,Cloudy,False,33.82,Winter,104.75
2023-12-24,2023-12-25,S005,P0129,Furniture,West,28.26,5.0,Snowy,False,25.74,Winter,59.54
2023-12-24,2023-12-25,S005,P0116,Furniture,West,63.31,20.0,Snowy,False,63.76,Winter,91.42
2023-12-24,2023-12-25,S005,P0070,Electronics,West,24.71,20.0,Rainy,False,22.3,Winter,94.3
2023-12-24,2023-12-25,S005,P0171,Electronics,West,44.86,5.0,Cloudy,False,44.4,Winter,107.22
2023-12-24,2023-12-25,S005,P0175,Electronics,West,95.5,0.0,Sunny,False,95.06,Winter,95.14
2023-12-24,2023-12-25,S005,P0046,Clothing,West,68.5,10.0,Rainy,False,62.46,Winter,123.3
2023-12-24,2023-12-25,S005,P0067,Furniture,West,34.99,10.0,Sunny,False,38.16,Winter,159.27
2023-12-24,2023-12-25,S005,P0183,Electronics,West,81.06,5.0,Cloudy,False,76.53,Winter,167.03
2023-12-24,2023-12-25,S005,P0166,Groceries,West,74.09,0.0,Cloudy,True,67.94,Winter,156.53
2023-12-24,2023-12-25,S005,P0079,Furniture,West,80.36,5.0,Sunny,False,86.71,Winter,105.32
2023-12-24,2023-12-25,S005,P0187,Clothing,West,37.44,5.0,Cloudy,False,38.7,Winter,228.0
2023-12-24,2023-12-25,S005,P0178,Clothing,West,65.57,0.0,Sunny,False,62.51,Winter,142.41
2023-12-24,2023-12-25,S005,P0057,Clothing,West,26.85,10.0,Cloudy,False,27.9,Winter,227.86
2023-12-24,2023-12-25,S005,P0153,Furniture,West,57.15,15.0,Rainy,False,51.79,Winter,125.03
2023-12-24,2023-12-25,S005,P0083,Toys,West,13.55,5.0,Rainy,False,12.69,Winter,119.3
2023-12-24,2023-12-25,S005,P0069,Clothing,West,66.26,0.0,Cloudy,False,68.6,Winter,129.7
2023-12-24,2023-12-25,S005,P0125,Clothing,West,75.63,20.0,Rainy,False,76.26,Winter,135.78
2023-12-24,2023-12-25,S005,P0017,Toys,West,56.94,10.0,Rainy,False,61.1,Winter,87.77
2023-12-24,2023-12-25,S005,P0149,Furniture,West,64.85,5.0,Sunny,False,64.59,Winter,86.89
2023-12-24,2023-12-25,S005,P0094,Groceries,West,43.84,10.0,Sunny,False,41.62,Winter,167.9
2023-12-24,2023-12-25,S005,P0066,Clothing,West,71.88,5.0,Snowy,False,67.29,Winter,81.06
2023-12-24,2023-12-25,S005,P0061,Clothing,West,65.1,20.0,Snowy,False,68.77,Winter,106.16
2023-12-24,2023-12-25,S005,P0085,Electronics,West,46.48,0.0,Cloudy,False,48.25,Winter,69.11
2023-12-24,2023-12-25,S005,P0068,Electronics,West,67.37,0.0,Sunny,False,73.89,Winter,65.14
2023-12-24,2023-12-25,S005,P0126,Clothing,West,89.52,10.0,Rainy,False,89.98,Winter,164.87
2023-12-24,2023-12-25,S005,P0133,Clothing,West,20.87,10.0,Sunny,True,21.72,Winter,55.64
2023-12-24,2023-12-26,S001,P0096,Toys,East,24.64,5.0,Sunny,False,24.81,Winter,133.84
2023-12-24,2023-12-26,S001,P0016,Clothing,East,28.56,0.0,Sunny,False,25.95,Winter,204.5
2023-12-24,2023-12-26,S001,P0031,Electronics,East,35.72,0.0,Sunny,False,38.33,Winter,101.72
2023-12-24,2023-12-26,S001,P0159,Electronics,East,23.69,10.0,Snowy,False,24.49,Winter,72.47
2023-12-24,2023-12-26,S001,P0129,Furniture,East,62.84,10.0,Sunny,False,66.54,Winter,99.07
2023-12-24,2023-12-26,S001,P0116,Furniture,East,88.69,10.0,Snowy,False,81.58,Winter,126.17
2023-12-24,2023-12-26,S001,P0070,Electronics,East,72.47,10.0,Sunny,False,69.63,Winter,162.16
2023-12-24,2023-12-26,S001,P0171,Electronics,East,80.58,0.0,Sunny,False,81.0,Winter,71.12
2023-12-24,2023-12-26,S001,P0175,Electronics,East,22.91,10.0,Sunny,False,21.57,Winter,67.36
2023-12-24,2023-12-26,S001,P0046,Clothing,East,13.74,0.0,Cloudy,False,14.34,Winter,153.24
2023-12-24,2023-12-26,S001,P0067,Furniture,East,95.54,0.0,Snowy,False,91.01,Winter,105.46
2023-12-24,2023-12-26,S001,P0183,Electronics,East,27.49,5.0,Sunny,True,27.29,Winter,194.33
2023-12-24,2023-12-26,S001,P0166,Groceries,East,82.86,10.0,Cloudy,False,79.65,Winter,94.22
2023-12-24,2023-12-26,S001,P0079,Furniture,East,19.48,10.0,Sunny,False,17.99,Winter,71.34
2023-12-24,2023-12-26,S001,P0187,Clothing,East,45.52,5.0,Cloudy,False,49.94,Winter,142.01
2023-12-24,2023-12-26,S001,P0178,Clothing,East,36.09,5.0,Snowy,False,33.98,Winter,182.06
2023-12-24,2023-12-26,S001,P0057,Clothing,East,78.31,10.0,Snowy,False,73.86,Winter,150.09
2023-12-24,2023-12-26,S001,P0153,Furniture,East,43.39,15.0,Snowy,True,42.21,Winter,153.32
2023-12-24,2023-12-26,S001,P0083,Toys,East,68.3,10.0,Cloudy,False,73.51,Winter,91.7
2023-12-24,2023-12-26,S001,P0069,Clothing,East,44.0,20.0,Cloudy,False,40.77,Winter,130.94
2023-12-24,2023-12-26,S001,P0125,Clothing,East,22.38,0.0,Snowy,True,23.81,Winter,192.65
2023-12-24,2023-12-26,S001,P0017,Toys,East,11.15,0.0,Rainy,False,10.58,Winter,84.71
2023-12-24,2023-12-26,S001,P0149,Furniture,East,85.95,10.0,Cloudy,False,92.44,Winter,107.58
2023-12-24,2023-12-26,S001,P0094,Groceries,East,11.79,15.0,Rainy,False,12.58,Winter,93.31
2023-12-24,2023-12-26,S001,P0066,Clothing,East,87.25,5.0,Rainy,False,95.12,Winter,72.84
2023-12-24,2023-12-26,S001,P0061,Clothing,East,39.58,0.0,Rainy,False,41.81,Winter,85.39
2023-12-24,2023-12-26,S001,P0085,Electronics,East,42.72,15.0,Rainy,True,45.82,Winter,101.31
2023-12-24,2023-12-26,S001,P0068,Electronics,East,95.47,0.0,Cloudy,True,102.64,Winter,99.07
2023-12-24,2023-12-26,S001,P0126,Clothing,East,48.5,20.0,Sunny,False,49.67,Winter,114.32
2023-12-24,2023-12-26,S001,P0133,Clothing,East,15.16,10.0,Rainy,False,14.61,Winter,87.45
2023-12-24,2023-12-26,S002,P0096,Toys,West,73.85,5.0,Snowy,True,77.2,Winter,122.82
2023-12-24,2023-12-26,S002,P0016,Clothing,West,17.18,10.0,Cloudy,False,16.29,Winter,145.39
2023-12-24,2023-12-26,S002,P0031,Electronics,West,75.76,20.0,Sunny,True,72.96,Winter,145.96
2023-12-24,2023-12-26,S002,P0159,Electronics,West,55.44,0.0,Rainy,False,60.03,Winter,94.73
2023-12-24,2023-12-26,S002,P0129,Furniture,West,30.97,0.0,Snowy,False,29.93,Winter,125.12
2023-12-24,2023-12-26,S002,P0116,Furniture,West,20.14,0.0,Snowy,False,19.66,Winter,40.17
2023-12-24,2023-12-26,S002,P0070,Electronics,West,55.18,10.0,Snowy,True,49.75,Winter,148.79
2023-12-24,2023-12-26,S002,P0171,Electronics,West,45.34,15.0,Snowy,False,49.18,Winter,160.71
2023-12-24,2023-12-26,S002,P0175,Electronics,West,84.68,0.0,Rainy,False,82.06,Winter,99.93
2023-12-24,2023-12-26,S002,P0046,Clothing,West,10.23,0.0,Cloudy,False,10.58,Winter,131.99
2023-12-24,2023-12-26,S002,P0067,Furniture,West,70.0,10.0,Cloudy,False,75.11,Winter,108.31
2023-12-24,2023-12-26,S002,P0183,Electronics,West,81.01,0.0,Rainy,False,79.18,Winter,53.47
2023-12-24,2023-12-26,S002,P0166,Groceries,West,25.63,0.0,Cloudy,False,23.49,Winter,139.73
2023-12-24,2023-12-26,S002,P0079,Furniture,West,61.66,10.0,Cloudy,False,60.2,Winter,78.25
2023-12-24,2023-12-26,S002,P0187,Clothing,West,90.2,10.0,Snowy,False,84.42,Winter,202.29
2023-12-24,2023-12-26,S002,P0178,Clothing,West,90.98,5.0,Cloudy,False,93.38,Winter,124.6
2023-12-24,2023-12-26,S002,P0057,Clothing,West,30.77,5.0,Snowy,False,29.41,Winter,177.7
2023-12-24,2023-12-26,S002,P0153,Furniture,West,59.63,15.0,Cloudy,False,65.26,Winter,105.07
2023-12-24,2023-12-26,S002,P0083,Toys,West,43.15,10.0,Sunny,False,42.81,Winter,88.6
2023-12-24,2023-12-26,S002,P0069,Clothing,West,19.47,5.0,Sunny,False,17.78,Winter,107.95
2023-12-24,2023-12-26,S002,P0125,Clothing,West,31.28,10.0,Sunny,False,32.13,Winter,23.8
2023-12-24,2023-12-26,S002,P0017,Toys,West,32.21,10.0,Cloudy,True,30.34,Winter,52.87
2023-12-24,2023-12-26,S002,P0149,Furniture,West,87.33,5.0,Snowy,False,88.31,Winter,153.61
2023-12-24,2023-12-26,S002,P0094,Groceries,West,84.04,5.0,Rainy,False,89.61,Winter,122.87
2023-12-24,2023-12-26,S002,P0066,Clothing,West,16.94,10.0,Cloudy,False,16.71,Winter,102.12
2023-12-24,2023-12-26,S002,P0061,Clothing,West,27.59,0.0,Snowy,False,28.51,Winter,104.64
2023-12-24,2023-12-26,S002,P0085,Electronics,West,77.63,0.0,Sunny,False,72.33,Winter,104.34
2023-12-24,2023-12-26,S002,P0068,Electronics,West,24.11,5.0,Sunny,False,24.19,Winter,101.62
2023-12-24,2023-12-26,S002,P0126,Clothing,West,10.08,5.0,Sunny,False,9.31,Winter,195.28
2023-12-24,2023-12-26,S002,P0133,Clothing,West,76.68,20.0,Snowy,False,79.78,Winter,186.32
2023-12-24,2023-12-26,S003,P0096,Toys,North,31.76,15.0,Rainy,False,34.71,Winter,143.93
2023-12-24,2023-12-26,S003,P0016,Clothing,North,77.49,5.0,Cloudy,True,73.16,Winter,161.03
2023-12-24,2023-12-26,S003,P0031,Electronics,North,91.57,0.0,Snowy,False,91.64,Winter,0.0
2023-12-24,2023-12-26,S003,P0159,Electronics,North,12.07,5.0,Sunny,False,11.24,Winter,160.16
2023-12-24,2023-12-26,S003,P0129,Furniture,North,62.07,0.0,Rainy,False,66.2,Winter,108.19
2023-12-24,2023-12-26,S003,P0116,Furniture,North,37.39,15.0,Snowy,False,33.85,Winter,68.94
2023-12-24,2023-12-26,S003,P0070,Electronics,North,65.23,10.0,Sunny,False,67.04,Winter,137.63
2023-12-24,2023-12-26,S003,P0171,Electronics,North,43.67,0.0,Snowy,False,43.04,Winter,80.48
2023-12-24,2023-12-26,S003,P0175,Electronics,North,78.0,0.0,Snowy,True,76.87,Winter,104.47
2023-12-24,2023-12-26,S003,P0046,Clothing,North,16.56,10.0,Rainy,False,17.89,Winter,242.08
2023-12-24,2023-12-26,S003,P0067,Furniture,North,32.34,20.0,Cloudy,False,30.16,Winter,118.78
2023-12-24,2023-12-26,S003,P0183,Electronics,North,36.15,0.0,Snowy,False,33.67,Winter,77.39
2023-12-24,2023-12-26,S003,P0166,Groceries,North,73.89,20.0,Snowy,False,74.49,Winter,101.48
2023-12-24,2023-12-26,S003,P0079,Furniture,North,17.44,10.0,Rainy,False,17.64,Winter,131.78
2023-12-24,2023-12-26,S003,P0187,Clothing,North,86.25,10.0,Cloudy,True,92.42,Winter,168.23
2023-12-24,2023-12-26,S003,P0178,Clothing,North,53.72,15.0,Rainy,False,53.83,Winter,157.44
2023-12-24,2023-12-26,S003,P0057,Clothing,North,42.47,20.0,Snowy,False,41.22,Winter,143.0
2023-12-24,2023-12-26,S003,P0153,Furniture,North,38.89,10.0,Sunny,False,41.76,Winter,86.46
2023-12-24,2023-12-26,S003,P0083,Toys,North,46.63,10.0,Cloudy,False,44.59,Winter,32.57
2023-12-24,2023-12-26,S003,P0069,Clothing,North,20.05,20.0,Cloudy,True,18.05,Winter,210.04
2023-12-24,2023-12-26,S003,P0125,Clothing,North,81.89,0.0,Cloudy,False,83.49,Winter,117.33
2023-12-24,2023-12-26,S003,P0017,Toys,North,78.71,10.0,Sunny,False,76.18,Winter,89.27
2023-12-24,2023-12-26,S003,P0149,Furniture,North,35.03,10.0,Cloudy,False,35.34,Winter,59.68
2023-12-24,2023-12-26,S003,P0094,Groceries,North,29.31,20.0,Snowy,False,30.8,Winter,112.23
2023-12-24,2023-12-26,S003,P0066,Clothing,North,33.22,15.0,Cloudy,False,35.03,Winter,57.47
2023-12-24,2023-12-26,S003,P0061,Clothing,North,12.22,10.0,Rainy,True,12.33,Winter,207.83
2023-12-24,2023-12-26,S003,P0085,Electronics,North,86.88,10.0,Cloudy,False,92.33,Winter,126.22
2023-12-24,2023-12-26,S003,P0068,Electronics,North,86.4,10.0,Sunny,True,90.97,Winter,172.75
2023-12-24,2023-12-26,S003,P0126,Clothing,North,38.21,0.0,Cloudy,True,35.26,Winter,199.38
2023-12-24,2023-12-26,S003,P0133,Clothing,North,51.2,10.0,Snowy,False,53.79,Winter,146.63
2023-12-24,2023-12-26,S004,P0096,Toys,South,87.29,15.0,Snowy,False,85.52,Winter,138.46
2023-12-24,2023-12-26,S004,P0016,Clothing,South,85.73,20.0,Snowy,False,94.17,Winter,158.82
2023-12-24,2023-12-26,S004,P0031,Electronics,South,32.92,0.0,Cloudy,True,35.97,Winter,60.6
2023-12-24,2023-12-26,S004,P0159,Electronics,South,79.07,0.0,Snowy,False,73.15,Winter,120.63
2023-12-24,2023-12-26,S004,P0129,Furniture,South,49.51,0.0,Cloudy,False,51.65,Winter,69.87
2023-12-24,2023-12-26,S004,P0116,Furniture,South,63.65,5.0,Cloudy,True,66.45,Winter,160.16
2023-12-24,2023-12-26,S004,P0070,Electronics,South,38.39,0.0,Sunny,True,37.15,Winter,27.46
2023-12-24,2023-12-26,S004,P0171,Electronics,South,95.9,15.0,Snowy,False,105.22,Winter,90.69
2023-12-24,2023-12-26,S004,P0175,Electronics,South,85.35,0.0,Snowy,False,80.94,Winter,131.67
2023-12-24,2023-12-26,S004,P0046,Clothing,South,71.07,10.0,Snowy,False,77.54,Winter,206.63
2023-12-24,2023-12-26,S004,P0067,Furniture,South,53.08,5.0,Rainy,False,52.87,Winter,88.15
2023-12-24,2023-12-26,S004,P0183,Electronics,South,63.1,0.0,Sunny,False,68.84,Winter,116.32
2023-12-24,2023-12-26,S004,P0166,Groceries,South,58.14,10.0,Rainy,False,59.43,Winter,144.72
2023-12-24,2023-12-26,S004,P0079,Furniture,South,91.17,10.0,Sunny,False,86.72,Winter,90.44
2023-12-24,2023-12-26,S004,P0187,Clothing,South,65.49,0.0,Cloudy,False,67.24,Winter,144.31
2023-12-24,2023-12-26,S004,P0178,Clothing,South,69.32,10.0,Cloudy,False,68.08,Winter,184.37
2023-12-24,2023-12-26,S004,P0057,Clothing,South,49.72,10.0,Sunny,False,49.93,Winter,204.18
2023-12-24,2023-12-26,S004,P0153,Furniture,South,92.72,5.0,Snowy,False,95.72,Winter,84.04
2023-12-24,2023-12-26,S004,P0083,Toys,South,80.63,0.0,Rainy,False,79.46,Winter,101.83
2023-12-24,2023-12-26,S004,P0069,Clothing,South,89.37,5.0,Sunny,False,82.34,Winter,170.74
2023-12-24,2023-12-26,S004,P0125,Clothing,South,15.08,5.0,Cloudy,True,14.96,Winter,159.8
2023-12-24,2023-12-26,S004,P0017,Toys,South,63.76,15.0,Cloudy,True,64.05,Winter,144.83
2023-12-24,2023-12-26,S004,P0149,Furniture,South,11.3,5.0,Rainy,False,10.33,Winter,92.51
2023-12-24,2023-12-26,S004,P0094,Groceries,South,14.86,15.0,Rainy,False,14.79,Winter,75.37
2023-12-24,2023-12-26,S004,P0066,Clothing,South,75.61,20.0,Snowy,False,78.94,Winter,167.79
2023-12-24,2023-12-26,S004,P0061,Clothing,South,98.39,0.0,Rainy,False,99.54,Winter,120.25
2023-12-24,2023-12-26,S004,P0085,Electronics,South,37.21,0.0,Cloudy,False,34.79,Winter,153.23
2023-12-24,2023-12-26,S004,P0068,Electronics,South,14.42,10.0,Sunny,False,15.44,Winter,107.41
2023-12-24,2023-12-26,S004,P0126,Clothing,South,56.72,10.0,Sunny,False,57.41,Winter,97.42
2023-12-24,2023-12-26,S004,P0133,Clothing,South,25.01,0.0,Snowy,False,24.06,Winter,105.96
2023-12-24,2023-12-26,S005,P0096,Toys,West,91.1,0.0,Rainy,False,92.52,Winter,97.73
2023-12-24,2023-12-26,S005,P0016,Clothing,West,74.27,15.0,Sunny,False,72.63,Winter,156.49
2023-12-24,2023-12-26,S005,P0031,Electronics,West,27.59,0.0,Sunny,False,29.18,Winter,104.22
2023-12-24,2023-12-26,S005,P0159,Electronics,West,74.6,0.0,Rainy,False,68.57,Winter,91.88
2023-12-24,2023-12-26,S005,P0129,Furniture,West,95.76,0.0,Sunny,False,100.61,Winter,58.07
2023-12-24,2023-12-26,S005,P0116,Furniture,West,99.05,5.0,Rainy,True,104.39,Winter,87.17
2023-12-24,2023-12-26,S005,P0070,Electronics,West,15.34,5.0,Snowy,False,15.53,Winter,36.96
2023-12-24,2023-12-26,S005,P0171,Electronics,West,47.63,15.0,Snowy,False,46.73,Winter,62.04
2023-12-24,2023-12-26,S005,P0175,Electronics,West,88.72,10.0,Rainy,False,81.06,Winter,69.45
2023-12-24,2023-12-26,S005,P0046,Clothing,West,92.98,5.0,Sunny,False,100.78,Winter,166.75
2023-12-24,2023-12-26,S005,P0067,Furniture,West,41.4,0.0,Snowy,False,43.46,Winter,130.49
2023-12-24,2023-12-26,S005,P0183,Electronics,West,69.6,0.0,Snowy,False,69.98,Winter,107.8
2023-12-24,2023-12-26,S005,P0166,Groceries,West,54.78,5.0,Sunny,True,58.24,Winter,185.32
2023-12-24,2023-12-26,S005,P0079,Furniture,West,31.82,0.0,Sunny,False,30.65,Winter,115.32
2023-12-24,2023-12-26,S005,P0187,Clothing,West,59.44,5.0,Sunny,False,55.73,Winter,108.45
2023-12-24,2023-12-26,S005,P0178,Clothing,West,80.96,0.0,Sunny,False,80.66,Winter,201.84
2023-12-24,2023-12-26,S005,P0057,Clothing,West,22.26,15.0,Snowy,False,22.5,Winter,140.31
2023-12-24,2023-12-26,S005,P0153,Furniture,West,51.1,5.0,Snowy,False,54.19,Winter,131.93
2023-12-24,2023-12-26,S005,P0083,Toys,West,58.87,0.0,Sunny,False,61.68,Winter,110.15
2023-12-24,2023-12-26,S005,P0069,Clothing,West,89.57,5.0,Rainy,False,80.98,Winter,79.41
2023-12-24,2023-12-26,S005,P0125,Clothing,West,76.23,10.0,Sunny,False,69.0,Winter,215.59
2023-12-24,2023-12-26,S005,P0017,Toys,West,96.62,5.0,Sunny,False,101.81,Winter,135.97
2023-12-24,2023-12-26,S005,P0149,Furniture,West,69.6,0.0,Rainy,False,74.4,Winter,29.91
2023-12-24,2023-12-26,S005,P0094,Groceries,West,10.02,10.0,Rainy,False,9.18,Winter,79.81
2023-12-24,2023-12-26,S005,P0066,Clothing,West,31.61,10.0,Snowy,False,32.85,Winter,162.55
2023-12-24,2023-12-26,S005,P0061,Clothing,West,22.44,5.0,Rainy,False,24.29,Winter,95.6
2023-12-24,2023-12-26,S005,P0085,Electronics,West,19.45,0.0,Rainy,False,19.32,Winter,90.2
2023-12-24,2023-12-26,S005,P0068,Electronics,West,67.38,10.0,Rainy,False,68.29,Winter,109.68
2023-12-24,2023-12-26,S005,P0126,Clothing,West,95.93,10.0,Sunny,False,91.73,Winter,2.17
2023-12-24,2023-12-26,S005,P0133,Clothing,West,88.99,10.0,Rainy,False,89.57,Winter,148.27
2023-12-24,2023-12-27,S001,P0096,Toys,East,33.54,0.0,Cloudy,False,36.23,Winter,119.66
2023-12-24,2023-12-27,S001,P0016,Clothing,East,25.88,10.0,Rainy,True,26.96,Winter,111.28
2023-12-24,2023-12-27,S001,P0031,Electronics,East,53.54,0.0,Snowy,False,49.36,Winter,79.08
2023-12-24,2023-12-27,S001,P0159,Electronics,East,68.85,10.0,Rainy,False,71.02,Winter,55.01
2023-12-24,2023-12-27,S001,P0129,Furniture,East,43.65,10.0,Snowy,False,45.85,Winter,107.31
2023-12-24,2023-12-27,S001,P0116,Furniture,East,89.43,0.0,Sunny,False,85.62,Winter,139.81
2023-12-24,2023-12-27,S001,P0070,Electronics,East,27.21,15.0,Sunny,True,25.56,Winter,160.13
2023-12-24,2023-12-27,S001,P0171,Electronics,East,59.38,0.0,Sunny,False,56.7,Winter,100.29
2023-12-24,2023-12-27,S001,P0175,Electronics,East,68.8,5.0,Cloudy,False,62.31,Winter,138.61
2023-12-24,2023-12-27,S001,P0046,Clothing,East,28.11,10.0,Rainy,False,27.5,Winter,81.03
2023-12-24,2023-12-27,S001,P0067,Furniture,East,82.97,10.0,Rainy,False,87.21,Winter,67.56
2023-12-24,2023-12-27,S001,P0183,Electronics,East,32.34,0.0,Snowy,True,30.21,Winter,127.68
2023-12-24,2023-12-27,S001,P0166,Groceries,East,52.76,15.0,Rainy,False,51.27,Winter,116.33
2023-12-24,2023-12-27,S001,P0079,Furniture,East,18.28,20.0,Cloudy,False,17.42,Winter,142.18
2023-12-24,2023-12-27,S001,P0187,Clothing,East,50.14,15.0,Rainy,False,54.84,Winter,159.5
2023-12-24,2023-12-27,S001,P0178,Clothing,East,44.51,0.0,Rainy,False,40.66,Winter,55.76
2023-12-24,2023-12-27,S001,P0057,Clothing,East,20.86,5.0,Snowy,False,19.73,Winter,115.43
2023-12-24,2023-12-27,S001,P0153,Furniture,East,30.83,0.0,Sunny,False,32.41,Winter,113.6
2023-12-24,2023-12-27,S001,P0083,Toys,East,54.88,5.0,Cloudy,False,51.14,Winter,127.76
2023-12-24,2023-12-27,S001,P0069,Clothing,East,88.01,10.0,Cloudy,False,84.09,Winter,159.59
2023-12-24,2023-12-27,S001,P0125,Clothing,East,46.97,0.0,Cloudy,False,46.66,Winter,149.72
2023-12-24,2023-12-27,S001,P0017,Toys,East,24.89,15.0,Rainy,False,23.77,Winter,97.63
2023-12-24,2023-12-27,S001,P0149,Furniture,East,25.78,5.0,Rainy,False,28.34,Winter,132.73
2023-12-24,2023-12-27,S001,P0094,Groceries,East,27.59,20.0,Rainy,False,25.43,Winter,117.26
2023-12-24,2023-12-27,S001,P0066,Clothing,East,45.08,0.0,Cloudy,False,47.66,Winter,229.04
2023-12-24,2023-12-27,S001,P0061,Clothing,East,69.97,0.0,Sunny,False,71.1,Winter,90.78
2023-12-24,2023-12-27,S001,P0085,Electronics,East,38.21,10.0,Sunny,False,41.7,Winter,159.72
2023-12-24,2023-12-27,S001,P0068,Electronics,East,63.78,0.0,Sunny,False,65.07,Winter,78.5
2023-12-24,2023-12-27,S001,P0126,Clothing,East,36.93,5.0,Cloudy,False,40.21,Winter,113.33
2023-12-24,2023-12-27,S001,P0133,Clothing,East,74.48,5.0,Snowy,False,75.89,Winter,198.96
2023-12-24,2023-12-27,S002,P0096,Toys,West,63.42,0.0,Cloudy,False,60.91,Winter,100.81
2023-12-24,2023-12-27,S002,P0016,Clothing,West,33.7,10.0,Sunny,False,33.42,Winter,152.23
2023-12-24,2023-12-27,S002,P0031,Electronics,West,39.18,10.0,Snowy,False,36.37,Winter,121.68
2023-12-24,2023-12-27,S002,P0159,Electronics,West,83.7,0.0,Cloudy,True,82.62,Winter,113.2
2023-12-24,2023-12-27,S002,P0129,Furniture,West,60.75,5.0,Cloudy,False,61.31,Winter,130.43
2023-12-24,2023-12-27,S002,P0116,Furniture,West,60.75,10.0,Rainy,False,61.73,Winter,106.11
2023-12-24,2023-12-27,S002,P0070,Electronics,West,26.48,10.0,Snowy,False,27.04,Winter,101.31
2023-12-24,2023-12-27,S002,P0171,Electronics,West,53.88,20.0,Cloudy,True,58.98,Winter,134.46
2023-12-24,2023-12-27,S002,P0175,Electronics,West,69.02,5.0,Cloudy,False,75.5,Winter,128.39
2023-12-24,2023-12-27,S002,P0046,Clothing,West,49.15,15.0,Sunny,False,47.05,Winter,199.12
2023-12-24,2023-12-27,S002,P0067,Furniture,West,54.89,10.0,Cloudy,False,55.38,Winter,86.47
2023-12-24,2023-12-27,S002,P0183,Electronics,West,50.57,5.0,Snowy,False,55.43,Winter,178.46
2023-12-24,2023-12-27,S002,P0166,Groceries,West,99.94,10.0,Cloudy,True,91.52,Winter,82.58
2023-12-24,2023-12-27,S002,P0079,Furniture,West,73.19,0.0,Snowy,False,66.67,Winter,119.92
2023-12-24,2023-12-27,S002,P0187,Clothing,West,94.84,20.0,Cloudy,False,100.15,Winter,98.39
2023-12-24,2023-12-27,S002,P0178,Clothing,West,83.97,15.0,Rainy,False,84.94,Winter,186.28
2023-12-24,2023-12-27,S002,P0057,Clothing,West,44.78,10.0,Rainy,False,43.19,Winter,193.29
2023-12-24,2023-12-27,S002,P0153,Furniture,West,51.27,0.0,Cloudy,False,47.87,Winter,65.33
2023-12-24,2023-12-27,S002,P0083,Toys,West,63.95,10.0,Snowy,False,68.27,Winter,73.07
2023-12-24,2023-12-27,S002,P0069,Clothing,West,28.4,10.0,Cloudy,False,29.79,Winter,198.13
2023-12-24,2023-12-27,S002,P0125,Clothing,West,75.06,5.0,Cloudy,False,72.64,Winter,71.24
2023-12-24,2023-12-27,S002,P0017,Toys,West,58.99,15.0,Rainy,False,62.57,Winter,122.8
2023-12-24,2023-12-27,S002,P0149,Furniture,West,78.81,5.0,Sunny,False,83.1,Winter,20.26
2023-12-24,2023-12-27,S002,P0094,Groceries,West,82.54,10.0,Cloudy,False,88.44,Winter,110.93
2023-12-24,2023-12-27,S002,P0066,Clothing,West,65.8,15.0,Cloudy,False,69.43,Winter,195.85
2023-12-24,2023-12-27,S002,P0061,Clothing,West,10.2,20.0,Sunny,False,9.85,Winter,166.26
2023-12-24,2023-12-27,S002,P0085,Electronics,West,49.64,10.0,Sunny,True,53.71,Winter,109.44
2023-12-24,2023-12-27,S002,P0068,Electronics,West,75.58,20.0,Snowy,False,79.48,Winter,109.09
2023-12-24,2023-12-27,S002,P0126,Clothing,West,37.69,10.0,Rainy,False,35.01,Winter,182.46
2023-12-24,2023-12-27,S002,P0133,Clothing,West,97.94,5.0,Rainy,False,94.12,Winter,131.75
2023-12-24,2023-12-27,S003,P0096,Toys,North,90.01,20.0,Sunny,False,91.18,Winter,111.71
2023-12-24,2023-12-27,S003,P0016,Clothing,North,54.65,0.0,Rainy,False,54.16,Winter,125.42
2023-12-24,2023-12-27,S003,P0031,Electronics,North,43.55,10.0,Rainy,False,40.97,Winter,100.43
2023-12-24,2023-12-27,S003,P0159,Electronics,North,39.21,20.0,Rainy,False,36.43,Winter,19.24
2023-12-24,2023-12-27,S003,P0129,Furniture,North,23.27,15.0,Cloudy,False,24.79,Winter,102.86
2023-12-24,2023-12-27,S003,P0116,Furniture,North,90.42,0.0,Snowy,False,82.47,Winter,132.05
2023-12-24,2023-12-27,S003,P0070,Electronics,North,58.33,5.0,Cloudy,False,59.85,Winter,115.45
2023-12-24,2023-12-27,S003,P0171,Electronics,North,79.5,0.0,Rainy,False,86.61,Winter,103.87
2023-12-24,2023-12-27,S003,P0175,Electronics,North,70.47,0.0,Sunny,False,69.89,Winter,87.4
2023-12-24,2023-12-27,S003,P0046,Clothing,North,52.5,0.0,Cloudy,False,50.09,Winter,41.62
2023-12-24,2023-12-27,S003,P0067,Furniture,North,21.42,0.0,Sunny,False,19.8,Winter,160.55
2023-12-24,2023-12-27,S003,P0183,Electronics,North,59.74,10.0,Cloudy,False,57.27,Winter,115.22
2023-12-24,2023-12-27,S003,P0166,Groceries,North,27.92,0.0,Snowy,False,26.54,Winter,37.9
2023-12-24,2023-12-27,S003,P0079,Furniture,North,31.89,0.0,Sunny,False,33.74,Winter,79.27
2023-12-24,2023-12-27,S003,P0187,Clothing,North,63.57,20.0,Cloudy,False,57.97,Winter,169.79
2023-12-24,2023-12-27,S003,P0178,Clothing,North,32.95,5.0,Snowy,False,30.73,Winter,132.51
2023-12-24,2023-12-27,S003,P0057,Clothing,North,51.97,0.0,Snowy,False,53.37,Winter,102.83
2023-12-24,2023-12-27,S003,P0153,Furniture,North,86.8,0.0,Sunny,True,90.56,Winter,118.74
2023-12-24,2023-12-27,S003,P0083,Toys,North,93.68,0.0,Sunny,False,93.32,Winter,75.12
2023-12-24,2023-12-27,S003,P0069,Clothing,North,39.59,0.0,Sunny,False,37.0,Winter,57.17
2023-12-24,2023-12-27,S003,P0125,Clothing,North,71.62,15.0,Snowy,False,70.16,Winter,192.48
2023-12-24,2023-12-27,S003,P0017,Toys,North,90.96,10.0,Cloudy,False,88.96,Winter,107.32
2023-12-24,2023-12-27,S003,P0149,Furniture,North,92.2,20.0,Sunny,False,84.85,Winter,101.76
2023-12-24,2023-12-27,S003,P0094,Groceries,North,14.49,0.0,Sunny,False,14.21,Winter,66.2
2023-12-24,2023-12-27,S003,P0066,Clothing,North,72.87,10.0,Sunny,True,66.61,Winter,194.72
2023-12-24,2023-12-27,S003,P0061,Clothing,North,90.64,10.0,Snowy,False,87.74,Winter,132.89
2023-12-24,2023-12-27,S003,P0085,Electronics,North,60.78,0.0,Sunny,False,54.91,Winter,74.4
2023-12-24,2023-12-27,S003,P0068,Electronics,North,34.18,5.0,Rainy,True,31.2,Winter,124.24
2023-12-24,2023-12-27,S003,P0126,Clothing,North,22.91,10.0,Snowy,True,22.71,Winter,96.08
2023-12-24,2023-12-27,S003,P0133,Clothing,North,23.15,10.0,Sunny,False,22.93,Winter,144.29
2023-12-24,2023-12-27,S004,P0096,Toys,South,70.71,20.0,Snowy,False,67.3,Winter,115.54
2023-12-24,2023-12-27,S004,P0016,Clothing,South,37.11,0.0,Sunny,False,39.33,Winter,233.04
2023-12-24,2023-12-27,S004,P0031,Electronics,South,41.14,5.0,Cloudy,False,43.35,Winter,75.97
2023-12-24,2023-12-27,S004,P0159,Electronics,South,57.43,10.0,Rainy,False,54.17,Winter,65.97
2023-12-24,2023-12-27,S004,P0129,Furniture,South,57.45,0.0,Sunny,True,57.58,Winter,140.43
2023-12-24,2023-12-27,S004,P0116,Furniture,South,63.31,20.0,Rainy,False,67.91,Winter,91.29
2023-12-24,2023-12-27,S004,P0070,Electronics,South,15.76,15.0,Rainy,False,14.97,Winter,87.7
2023-12-24,2023-12-27,S004,P0171,Electronics,South,29.82,0.0,Sunny,True,27.99,Winter,150.16
2023-12-24,2023-12-27,S004,P0175,Electronics,South,76.05,5.0,Cloudy,False,75.92,Winter,94.05
2023-12-24,2023-12-27,S004,P0046,Clothing,South,37.15,0.0,Snowy,False,38.39,Winter,181.45
2023-12-24,2023-12-27,S004,P0067,Furniture,South,55.95,10.0,Snowy,False,54.05,Winter,154.65
2023-12-24,2023-12-27,S004,P0183,Electronics,South,35.1,0.0,Sunny,False,33.84,Winter,57.85
2023-12-24,2023-12-27,S004,P0166,Groceries,South,29.42,15.0,Snowy,False,30.97,Winter,116.92
2023-12-24,2023-12-27,S004,P0079,Furniture,South,33.37,20.0,Rainy,False,31.29,Winter,100.71
2023-12-24,2023-12-27,S004,P0187,Clothing,South,97.66,0.0,Sunny,True,97.29,Winter,119.64
2023-12-24,2023-12-27,S004,P0178,Clothing,South,72.65,10.0,Cloudy,False,70.1,Winter,112.79
2023-12-24,2023-12-27,S004,P0057,Clothing,South,99.42,0.0,Snowy,True,91.4,Winter,202.72
2023-12-24,2023-12-27,S004,P0153,Furniture,South,17.73,0.0,Snowy,False,18.89,Winter,73.63
2023-12-24,2023-12-27,S004,P0083,Toys,South,80.79,10.0,Sunny,False,81.47,Winter,110.37
2023-12-24,2023-12-27,S004,P0069,Clothing,South,20.33,0.0,Rainy,False,19.36,Winter,236.88
2023-12-24,2023-12-27,S004,P0125,Clothing,South,11.89,20.0,Sunny,False,11.53,Winter,133.31
2023-12-24,2023-12-27,S004,P0017,Toys,South,18.06,10.0,Cloudy,False,18.36,Winter,115.66
2023-12-24,2023-12-27,S004,P0149,Furniture,South,83.32,15.0,Sunny,False,78.79,Winter,53.45
2023-12-24,2023-12-27,S004,P0094,Groceries,South,74.71,20.0,Snowy,False,74.64,Winter,100.81
2023-12-24,2023-12-27,S004,P0066,Clothing,South,71.53,0.0,Snowy,False,76.22,Winter,213.71
2023-12-24,2023-12-27,S004,P0061,Clothing,South,74.2,5.0,Rainy,True,73.61,Winter,204.94
2023-12-24,2023-12-27,S004,P0085,Electronics,South,37.51,5.0,Snowy,False,36.71,Winter,106.59
2023-12-24,2023-12-27,S004,P0068,Electronics,South,50.6,0.0,Cloudy,True,47.27,Winter,170.1
2023-12-24,2023-12-27,S004,P0126,Clothing,South,52.79,0.0,Rainy,False,48.41,Winter,190.53
2023-12-24,2023-12-27,S004,P0133,Clothing,South,40.45,10.0,Snowy,False,40.68,Winter,159.0
2023-12-24,2023-12-27,S005,P0096,Toys,West,25.17,15.0,Cloudy,True,25.6,Winter,90.06
2023-12-24,2023-12-27,S005,P0016,Clothing,West,15.69,15.0,Sunny,False,16.97,Winter,196.76
2023-12-24,2023-12-27,S005,P0031,Electronics,West,37.03,20.0,Sunny,False,38.02,Winter,76.77
2023-12-24,2023-12-27,S005,P0159,Electronics,West,72.25,10.0,Rainy,True,75.77,Winter,107.77
2023-12-24,2023-12-27,S005,P0129,Furniture,West,91.0,0.0,Snowy,False,95.52,Winter,129.37
2023-12-24,2023-12-27,S005,P0116,Furniture,West,31.31,15.0,Rainy,False,32.64,Winter,101.36
2023-12-24,2023-12-27,S005,P0070,Electronics,West,92.29,10.0,Cloudy,False,90.27,Winter,34.64
2023-12-24,2023-12-27,S005,P0171,Electronics,West,29.53,15.0,Rainy,True,27.24,Winter,112.9
2023-12-24,2023-12-27,S005,P0175,Electronics,West,89.59,5.0,Rainy,False,95.69,Winter,119.41
2023-12-24,2023-12-27,S005,P0046,Clothing,West,71.42,0.0,Rainy,False,76.3,Winter,172.09
2023-12-24,2023-12-27,S005,P0067,Furniture,West,98.95,20.0,Cloudy,False,97.12,Winter,70.86
2023-12-24,2023-12-27,S005,P0183,Electronics,West,89.34,0.0,Snowy,True,81.77,Winter,61.37
2023-12-24,2023-12-27,S005,P0166,Groceries,West,74.08,0.0,Rainy,False,70.01,Winter,210.84
2023-12-24,2023-12-27,S005,P0079,Furniture,West,30.34,10.0,Sunny,False,30.82,Winter,138.95
2023-12-24,2023-12-27,S005,P0187,Clothing,West,88.52,5.0,Snowy,False,95.96,Winter,87.1
2023-12-24,2023-12-27,S005,P0178,Clothing,West,58.63,5.0,Rainy,False,61.81,Winter,175.15
2023-12-24,2023-12-27,S005,P0057,Clothing,West,41.27,5.0,Sunny,False,42.29,Winter,183.38
2023-12-24,2023-12-27,S005,P0153,Furniture,West,56.52,20.0,Snowy,False,61.15,Winter,142.17
2023-12-24,2023-12-27,S005,P0083,Toys,West,71.6,10.0,Rainy,False,68.58,Winter,108.17
2023-12-24,2023-12-27,S005,P0069,Clothing,West,31.0,10.0,Cloudy,True,33.34,Winter,189.62
2023-12-24,2023-12-27,S005,P0125,Clothing,West,13.4,0.0,Cloudy,False,13.95,Winter,109.59
2023-12-24,2023-12-27,S005,P0017,Toys,West,91.74,0.0,Rainy,False,86.13,Winter,45.95
2023-12-24,2023-12-27,S005,P0149,Furniture,West,32.52,5.0,Sunny,True,33.86,Winter,151.99
2023-12-24,2023-12-27,S005,P0094,Groceries,West,68.7,20.0,Sunny,False,70.54,Winter,108.9
2023-12-24,2023-12-27,S005,P0066,Clothing,West,65.55,10.0,Sunny,False,63.64,Winter,52.61
2023-12-24,2023-12-27,S005,P0061,Clothing,West,20.27,10.0,Rainy,False,18.75,Winter,104.85
2023-12-24,2023-12-27,S005,P0085,Electronics,West,35.03,5.0,Cloudy,False,33.78,Winter,179.58
2023-12-24,2023-12-27,S005,P0068,Electronics,West,93.48,10.0,Rainy,False,89.5,Winter,50.53
2023-12-24,2023-12-27,S005,P0126,Clothing,West,79.78,20.0,Rainy,True,76.12,Winter,229.32
2023-12-24,2023-12-27,S005,P0133,Clothing,West,32.41,10.0,Snowy,False,34.26,Winter,112.57
2023-12-24,2023-12-28,S001,P0096,Toys,East,42.73,0.0,Rainy,False,42.77,Winter,104.94
2023-12-24,2023-12-28,S001,P0016,Clothing,East,82.0,0.0,Snowy,False,77.11,Winter,203.83
2023-12-24,2023-12-28,S001,P0031,Electronics,East,46.59,10.0,Snowy,False,50.33,Winter,131.84
2023-12-24,2023-12-28,S001,P0159,Electronics,East,38.4,10.0,Rainy,True,36.86,Winter,116.59
2023-12-24,2023-12-28,S001,P0129,Furniture,East,85.98,5.0,Rainy,True,91.14,Winter,59.87
2023-12-24,2023-12-28,S001,P0116,Furniture,East,92.87,20.0,Rainy,False,91.98,Winter,95.16
2023-12-24,2023-12-28,S001,P0070,Electronics,East,92.84,0.0,Snowy,False,87.25,Winter,55.15
2023-12-24,2023-12-28,S001,P0171,Electronics,East,61.31,0.0,Rainy,True,67.23,Winter,106.27
2023-12-24,2023-12-28,S001,P0175,Electronics,East,44.21,0.0,Cloudy,False,43.37,Winter,106.38
2023-12-24,2023-12-28,S001,P0046,Clothing,East,78.26,10.0,Cloudy,False,76.63,Winter,138.1
2023-12-24,2023-12-28,S001,P0067,Furniture,East,70.98,5.0,Snowy,False,76.94,Winter,122.32
2023-12-24,2023-12-28,S001,P0183,Electronics,East,91.12,10.0,Sunny,False,82.35,Winter,128.19
2023-12-24,2023-12-28,S001,P0166,Groceries,East,97.52,10.0,Sunny,False,107.22,Winter,136.62
2023-12-24,2023-12-28,S001,P0079,Furniture,East,55.05,10.0,Rainy,False,58.09,Winter,113.99
2023-12-24,2023-12-28,S001,P0187,Clothing,East,40.17,15.0,Rainy,False,39.17,Winter,152.06
2023-12-24,2023-12-28,S001,P0178,Clothing,East,62.65,0.0,Cloudy,False,61.22,Winter,60.59
2023-12-24,2023-12-28,S001,P0057,Clothing,East,23.73,20.0,Cloudy,False,23.62,Winter,85.93
2023-12-24,2023-12-28,S001,P0153,Furniture,East,53.27,0.0,Rainy,False,48.83,Winter,35.49
2023-12-24,2023-12-28,S001,P0083,Toys,East,39.24,5.0,Cloudy,True,36.31,Winter,100.27
2023-12-24,2023-12-28,S001,P0069,Clothing,East,75.02,15.0,Cloudy,False,70.25,Winter,132.72
2023-12-24,2023-12-28,S001,P0125,Clothing,East,13.02,10.0,Cloudy,False,13.98,Winter,129.41
2023-12-24,2023-12-28,S001,P0017,Toys,East,17.92,5.0,Sunny,False,18.95,Winter,75.88
2023-12-24,2023-12-28,S001,P0149,Furniture,East,44.01,15.0,Sunny,False,47.64,Winter,133.99
2023-12-24,2023-12-28,S001,P0094,Groceries,East,84.97,10.0,Cloudy,False,87.28,Winter,195.63
2023-12-24,2023-12-28,S001,P0066,Clothing,East,49.22,10.0,Sunny,False,50.38,Winter,163.3
2023-12-24,2023-12-28,S001,P0061,Clothing,East,39.44,5.0,Sunny,False,42.76,Winter,88.16
2023-12-24,2023-12-28,S001,P0085,Electronics,East,12.83,10.0,Cloudy,False,13.66,Winter,133.12
2023-12-24,2023-12-28,S001,P0068,Electronics,East,91.89,0.0,Rainy,False,100.54,Winter,115.44
2023-12-24,2023-12-28,S001,P0126,Clothing,East,71.04,0.0,Cloudy,False,69.7,Winter,157.47
2023-12-24,2023-12-28,S001,P0133,Clothing,East,85.2,20.0,Sunny,False,89.34,Winter,137.92
2023-12-24,2023-12-28,S002,P0096,Toys,West,52.42,15.0,Cloudy,True,48.17,Winter,16.29
2023-12-24,2023-12-28,S002,P0016,Clothing,West,34.74,0.0,Sunny,True,32.68,Winter,160.47
2023-12-24,2023-12-28,S002,P0031,Electronics,West,26.14,20.0,Sunny,False,28.05,Winter,111.93
2023-12-24,2023-12-28,S002,P0159,Electronics,West,71.82,15.0,Cloudy,False,73.6,Winter,95.22
2023-12-24,2023-12-28,S002,P0129,Furniture,West,36.58,10.0,Rainy,False,37.71,Winter,142.21
2023-12-24,2023-12-28,S002,P0116,Furniture,West,92.09,15.0,Cloudy,False,97.08,Winter,105.77
2023-12-24,2023-12-28,S002,P0070,Electronics,West,26.54,10.0,Snowy,False,24.35,Winter,122.89
2023-12-24,2023-12-28,S002,P0171,Electronics,West,62.55,0.0,Sunny,False,57.5,Winter,165.32
2023-12-24,2023-12-28,S002,P0175,Electronics,West,54.62,0.0,Sunny,False,52.08,Winter,103.36
2023-12-24,2023-12-28,S002,P0046,Clothing,West,58.94,5.0,Cloudy,False,61.45,Winter,68.94
2023-12-24,2023-12-28,S002,P0067,Furniture,West,70.58,10.0,Sunny,False,67.79,Winter,69.47
2023-12-24,2023-12-28,S002,P0183,Electronics,West,59.75,0.0,Cloudy,False,62.36,Winter,122.3
2023-12-24,2023-12-28,S002,P0166,Groceries,West,75.14,5.0,Snowy,False,77.4,Winter,38.49
2023-12-24,2023-12-28,S002,P0079,Furniture,West,61.32,10.0,Snowy,False,57.99,Winter,114.19
2023-12-24,2023-12-28,S002,P0187,Clothing,West,42.88,10.0,Cloudy,False,43.63,Winter,157.55
2023-12-24,2023-12-28,S002,P0178,Clothing,West,39.7,0.0,Snowy,False,41.3,Winter,174.24
2023-12-24,2023-12-28,S002,P0057,Clothing,West,39.22,0.0,Sunny,False,42.5,Winter,165.31
2023-12-24,2023-12-28,S002,P0153,Furniture,West,46.65,15.0,Cloudy,False,46.6,Winter,185.13
2023-12-24,2023-12-28,S002,P0083,Toys,West,93.27,5.0,Rainy,False,91.21,Winter,175.77
2023-12-24,2023-12-28,S002,P0069,Clothing,West,31.28,5.0,Cloudy,False,29.93,Winter,96.78
2023-12-24,2023-12-28,S002,P0125,Clothing,West,81.06,0.0,Snowy,False,73.76,Winter,132.59
2023-12-24,2023-12-28,S002,P0017,Toys,West,69.83,20.0,Snowy,False,67.89,Winter,103.57
2023-12-24,2023-12-28,S002,P0149,Furniture,West,44.33,0.0,Sunny,False,43.08,Winter,125.26
2023-12-24,2023-12-28,S002,P0094,Groceries,West,82.34,0.0,Snowy,False,86.52,Winter,91.47
2023-12-24,2023-12-28,S002,P0066,Clothing,West,82.57,5.0,Snowy,True,86.65,Winter,195.85
2023-12-24,2023-12-28,S002,P0061,Clothing,West,16.87,5.0,Cloudy,True,16.8,Winter,259.78
2023-12-24,2023-12-28,S002,P0085,Electronics,West,48.05,0.0,Cloudy,False,51.58,Winter,113.93
2023-12-24,2023-12-28,S002,P0068,Electronics,West,36.44,5.0,Snowy,False,38.79,Winter,39.14
2023-12-24,2023-12-28,S002,P0126,Clothing,West,63.54,0.0,Snowy,False,58.08,Winter,108.81
2023-12-24,2023-12-28,S002,P0133,Clothing,West,92.54,5.0,Cloudy,False,86.61,Winter,142.01
2023-12-24,2023-12-28,S003,P0096,Toys,North,19.03,5.0,Snowy,False,20.4,Winter,1.02
2023-12-24,2023-12-28,S003,P0016,Clothing,North,12.72,15.0,Sunny,False,11.86,Winter,131.99
2023-12-24,2023-12-28,S003,P0031,Electronics,North,76.24,5.0,Sunny,False,71.93,Winter,108.85
2023-12-24,2023-12-28,S003,P0159,Electronics,North,54.36,10.0,Cloudy,False,57.23,Winter,98.87
2023-12-24,2023-12-28,S003,P0129,Furniture,North,12.76,10.0,Cloudy,False,13.25,Winter,129.24
2023-12-24,2023-12-28,S003,P0116,Furniture,North,59.86,10.0,Rainy,False,63.19,Winter,103.75
2023-12-24,2023-12-28,S003,P0070,Electronics,North,27.01,20.0,Cloudy,False,25.31,Winter,165.73
2023-12-24,2023-12-28,S003,P0171,Electronics,North,17.58,5.0,Sunny,False,18.16,Winter,90.3
2023-12-24,2023-12-28,S003,P0175,Electronics,North,78.71,0.0,Cloudy,False,78.82,Winter,92.59
2023-12-24,2023-12-28,S003,P0046,Clothing,North,71.78,0.0,Rainy,False,66.16,Winter,219.64
2023-12-24,2023-12-28,S003,P0067,Furniture,North,82.12,15.0,Cloudy,False,78.07,Winter,122.04
2023-12-24,2023-12-28,S003,P0183,Electronics,North,18.47,0.0,Cloudy,False,18.75,Winter,108.88
2023-12-24,2023-12-28,S003,P0166,Groceries,North,19.03,15.0,Rainy,False,18.48,Winter,95.89
2023-12-24,2023-12-28,S003,P0079,Furniture,North,70.87,10.0,Cloudy,False,68.98,Winter,44.8
2023-12-24,2023-12-28,S003,P0187,Clothing,North,25.64,0.0,Rainy,False,27.45,Winter,193.29
2023-12-24,2023-12-28,S003,P0178,Clothing,North,69.98,0.0,Cloudy,False,69.54,Winter,136.12
2023-12-24,2023-12-28,S003,P0057,Clothing,North,61.11,0.0,Rainy,False,57.82,Winter,78.61
2023-12-24,2023-12-28,S003,P0153,Furniture,North,71.93,15.0,Snowy,True,70.62,Winter,121.67
2023-12-24,2023-12-28,S003,P0083,Toys,North,64.2,10.0,Cloudy,False,59.91,Winter,155.08
2023-12-24,2023-12-28,S003,P0069,Clothing,North,74.66,15.0,Cloudy,False,76.57,Winter,190.58
2023-12-24,2023-12-28,S003,P0125,Clothing,North,26.25,0.0,Rainy,False,23.72,Winter,126.4
2023-12-24,2023-12-28,S003,P0017,Toys,North,61.05,0.0,Snowy,False,56.98,Winter,118.3
2023-12-24,2023-12-28,S003,P0149,Furniture,North,44.45,20.0,Cloudy,False,47.39,Winter,129.83
2023-12-24,2023-12-28,S003,P0094,Groceries,North,24.95,0.0,Sunny,True,27.1,Winter,108.87
2023-12-24,2023-12-28,S003,P0066,Clothing,North,18.08,10.0,Cloudy,True,19.72,Winter,127.64
2023-12-24,2023-12-28,S003,P0061,Clothing,North,26.93,5.0,Cloudy,False,28.44,Winter,146.6
2023-12-24,2023-12-28,S003,P0085,Electronics,North,55.69,15.0,Rainy,False,55.95,Winter,63.44
2023-12-24,2023-12-28,S003,P0068,Electronics,North,59.14,0.0,Rainy,True,63.08,Winter,68.89
2023-12-24,2023-12-28,S003,P0126,Clothing,North,25.03,20.0,Cloudy,False,23.96,Winter,172.45
2023-12-24,2023-12-28,S003,P0133,Clothing,North,23.59,10.0,Snowy,False,21.82,Winter,88.28
2023-12-24,2023-12-28,S004,P0096,Toys,South,77.17,10.0,Sunny,True,70.86,Winter,133.12
2023-12-24,2023-12-28,S004,P0016,Clothing,South,85.04,15.0,Sunny,False,85.83,Winter,126.21
2023-12-24,2023-12-28,S004,P0031,Electronics,South,60.0,10.0,Snowy,False,54.17,Winter,125.34
2023-12-24,2023-12-28,S004,P0159,Electronics,South,74.33,0.0,Sunny,False,79.8,Winter,76.97
2023-12-24,2023-12-28,S004,P0129,Furniture,South,76.72,0.0,Sunny,True,70.79,Winter,81.34
2023-12-24,2023-12-28,S004,P0116,Furniture,South,78.75,15.0,Cloudy,False,76.95,Winter,130.5
2023-12-24,2023-12-28,S004,P0070,Electronics,South,43.56,15.0,Cloudy,False,46.35,Winter,94.91
2023-12-24,2023-12-28,S004,P0171,Electronics,South,71.55,0.0,Cloudy,True,76.94,Winter,111.74
2023-12-24,2023-12-28,S004,P0175,Electronics,South,45.9,10.0,Cloudy,True,45.05,Winter,187.07
2023-12-24,2023-12-28,S004,P0046,Clothing,South,21.91,10.0,Sunny,True,21.08,Winter,161.15
2023-12-24,2023-12-28,S004,P0067,Furniture,South,30.87,10.0,Snowy,False,29.14,Winter,136.96
2023-12-24,2023-12-28,S004,P0183,Electronics,South,38.63,15.0,Cloudy,False,41.08,Winter,127.8
2023-12-24,2023-12-28,S004,P0166,Groceries,South,43.56,0.0,Rainy,False,47.78,Winter,88.02
2023-12-24,2023-12-28,S004,P0079,Furniture,South,65.43,15.0,Rainy,False,70.0,Winter,73.53
2023-12-24,2023-12-28,S004,P0187,Clothing,South,27.73,5.0,Cloudy,False,25.55,Winter,102.35
2023-12-24,2023-12-28,S004,P0178,Clothing,South,45.67,0.0,Cloudy,False,42.89,Winter,144.37
2023-12-24,2023-12-28,S004,P0057,Clothing,South,99.31,5.0,Rainy,True,103.04,Winter,209.04
2023-12-24,2023-12-28,S004,P0153,Furniture,South,63.71,10.0,Rainy,False,67.87,Winter,80.87
2023-12-24,2023-12-28,S004,P0083,Toys,South,55.23,0.0,Cloudy,False,55.32,Winter,58.07
2023-12-24,2023-12-28,S004,P0069,Clothing,South,52.22,10.0,Snowy,False,49.71,Winter,107.41
2023-12-24,2023-12-28,S004,P0125,Clothing,South,48.48,0.0,Snowy,False,47.05,Winter,114.28
2023-12-24,2023-12-28,S004,P0017,Toys,South,68.87,0.0,Cloudy,False,65.32,Winter,157.68
2023-12-24,2023-12-28,S004,P0149,Furniture,South,34.6,10.0,Snowy,False,36.66,Winter,118.51
2023-12-24,2023-12-28,S004,P0094,Groceries,South,56.47,5.0,Rainy,True,51.1,Winter,111.97
2023-12-24,2023-12-28,S004,P0066,Clothing,South,52.89,15.0,Cloudy,False,50.2,Winter,83.86
2023-12-24,2023-12-28,S004,P0061,Clothing,South,57.12,0.0,Rainy,False,59.9,Winter,142.62
2023-12-24,2023-12-28,S004,P0085,Electronics,South,74.95,10.0,Rainy,False,76.62,Winter,49.7
2023-12-24,2023-12-28,S004,P0068,Electronics,South,91.36,0.0,Snowy,False,90.82,Winter,155.37
2023-12-24,2023-12-28,S004,P0126,Clothing,South,65.78,15.0,Cloudy,False,63.62,Winter,180.19
2023-12-24,2023-12-28,S004,P0133,Clothing,South,88.56,10.0,Snowy,False,81.91,Winter,145.14
2023-12-24,2023-12-28,S005,P0096,Toys,West,43.87,10.0,Rainy,False,41.07,Winter,111.86
2023-12-24,2023-12-28,S005,P0016,Clothing,West,94.21,15.0,Snowy,False,97.29,Winter,125.0
2023-12-24,2023-12-28,S005,P0031,Electronics,West,71.76,20.0,Snowy,True,75.52,Winter,103.17
2023-12-24,2023-12-28,S005,P0159,Electronics,West,50.65,10.0,Cloudy,False,45.9,Winter,109.29
2023-12-24,2023-12-28,S005,P0129,Furniture,West,39.05,0.0,Rainy,False,41.71,Winter,80.05
2023-12-24,2023-12-28,S005,P0116,Furniture,West,40.47,10.0,Cloudy,False,36.73,Winter,54.37
2023-12-24,2023-12-28,S005,P0070,Electronics,West,12.5,10.0,Sunny,True,11.4,Winter,101.43
2023-12-24,2023-12-28,S005,P0171,Electronics,West,34.46,5.0,Rainy,True,31.78,Winter,100.23
2023-12-24,2023-12-28,S005,P0175,Electronics,West,29.94,5.0,Cloudy,False,32.29,Winter,76.65
2023-12-24,2023-12-28,S005,P0046,Clothing,West,95.47,10.0,Sunny,False,103.71,Winter,179.68
2023-12-24,2023-12-28,S005,P0067,Furniture,West,82.47,0.0,Snowy,False,76.95,Winter,60.83
2023-12-24,2023-12-28,S005,P0183,Electronics,West,29.17,20.0,Sunny,False,29.77,Winter,53.46
2023-12-24,2023-12-28,S005,P0166,Groceries,West,29.93,20.0,Cloudy,False,29.84,Winter,111.47
2023-12-24,2023-12-28,S005,P0079,Furniture,West,29.86,15.0,Rainy,False,30.25,Winter,118.27
2023-12-24,2023-12-28,S005,P0187,Clothing,West,16.69,10.0,Snowy,True,17.66,Winter,86.09
2023-12-24,2023-12-28,S005,P0178,Clothing,West,30.11,20.0,Snowy,False,32.1,Winter,87.65
2023-12-24,2023-12-28,S005,P0057,Clothing,West,41.11,0.0,Sunny,True,43.55,Winter,199.52
2023-12-24,2023-12-28,S005,P0153,Furniture,West,98.86,10.0,Rainy,False,107.74,Winter,82.92
2023-12-24,2023-12-28,S005,P0083,Toys,West,75.98,5.0,Cloudy,False,70.3,Winter,111.94
2023-12-24,2023-12-28,S005,P0069,Clothing,West,12.35,0.0,Rainy,False,13.32,Winter,87.36
2023-12-24,2023-12-28,S005,P0125,Clothing,West,24.43,10.0,Cloudy,False,24.22,Winter,196.67
2023-12-24,2023-12-28,S005,P0017,Toys,West,35.03,0.0,Rainy,False,35.41,Winter,113.99
2023-12-24,2023-12-28,S005,P0149,Furniture,West,91.11,10.0,Snowy,False,89.52,Winter,119.45
2023-12-24,2023-12-28,S005,P0094,Groceries,West,34.78,10.0,Sunny,False,35.36,Winter,107.86
2023-12-24,2023-12-28,S005,P0066,Clothing,West,23.94,10.0,Rainy,False,25.93,Winter,142.19
2023-12-24,2023-12-28,S005,P0061,Clothing,West,35.33,15.0,Cloudy,False,32.44,Winter,145.34
2023-12-24,2023-12-28,S005,P0085,Electronics,West,98.48,0.0,Snowy,True,106.88,Winter,192.79
2023-12-24,2023-12-28,S005,P0068,Electronics,West,36.21,10.0,Snowy,False,33.33,Winter,98.21
2023-12-24,2023-12-28,S005,P0126,Clothing,West,52.96,10.0,Sunny,False,57.59,Winter,95.81
2023-12-24,2023-12-28,S005,P0133,Clothing,West,70.52,0.0,Rainy,False,77.25,Winter,135.6
2023-12-24,2023-12-29,S001,P0096,Toys,East,97.84,0.0,Snowy,False,97.7,Winter,52.78
2023-12-24,2023-12-29,S001,P0016,Clothing,East,84.66,10.0,Sunny,False,89.59,Winter,152.65
2023-12-24,2023-12-29,S001,P0031,Electronics,East,28.28,20.0,Snowy,False,29.81,Winter,30.43
2023-12-24,2023-12-29,S001,P0159,Electronics,East,92.36,0.0,Sunny,False,100.2,Winter,138.38
2023-12-24,2023-12-29,S001,P0129,Furniture,East,35.63,10.0,Rainy,False,39.05,Winter,115.95
2023-12-24,2023-12-29,S001,P0116,Furniture,East,22.22,0.0,Rainy,True,22.72,Winter,127.75
2023-12-24,2023-12-29,S001,P0070,Electronics,East,39.6,5.0,Snowy,True,40.41,Winter,65.89
2023-12-24,2023-12-29,S001,P0171,Electronics,East,58.86,5.0,Sunny,False,58.01,Winter,69.86
2023-12-24,2023-12-29,S001,P0175,Electronics,East,40.48,10.0,Snowy,False,36.51,Winter,61.65
2023-12-24,2023-12-29,S001,P0046,Clothing,East,92.4,15.0,Sunny,False,96.82,Winter,156.58
2023-12-24,2023-12-29,S001,P0067,Furniture,East,86.95,0.0,Sunny,False,83.73,Winter,92.29
2023-12-24,2023-12-29,S001,P0183,Electronics,East,42.68,10.0,Cloudy,False,44.73,Winter,110.6
2023-12-24,2023-12-29,S001,P0166,Groceries,East,41.33,0.0,Cloudy,False,42.29,Winter,70.01
2023-12-24,2023-12-29,S001,P0079,Furniture,East,90.98,0.0,Snowy,True,90.09,Winter,194.09
2023-12-24,2023-12-29,S001,P0187,Clothing,East,39.18,0.0,Rainy,False,42.88,Winter,194.1
2023-12-24,2023-12-29,S001,P0178,Clothing,East,56.81,5.0,Sunny,False,61.56,Winter,175.97
2023-12-24,2023-12-29,S001,P0057,Clothing,East,71.35,0.0,Sunny,False,77.93,Winter,131.21
2023-12-24,2023-12-29,S001,P0153,Furniture,East,39.33,10.0,Cloudy,False,39.09,Winter,152.3
2023-12-24,2023-12-29,S001,P0083,Toys,East,10.73,20.0,Rainy,False,10.7,Winter,116.15
2023-12-24,2023-12-29,S001,P0069,Clothing,East,35.75,10.0,Cloudy,False,34.02,Winter,82.25
2023-12-24,2023-12-29,S001,P0125,Clothing,East,32.38,5.0,Cloudy,False,30.17,Winter,106.57
2023-12-24,2023-12-29,S001,P0017,Toys,East,81.18,10.0,Rainy,False,73.28,Winter,116.05
2023-12-24,2023-12-29,S001,P0149,Furniture,East,61.04,15.0,Sunny,False,61.88,Winter,56.32
2023-12-24,2023-12-29,S001,P0094,Groceries,East,62.98,10.0,Cloudy,False,64.48,Winter,143.42
2023-12-24,2023-12-29,S001,P0066,Clothing,East,67.25,5.0,Sunny,True,69.3,Winter,5.34
2023-12-24,2023-12-29,S001,P0061,Clothing,East,74.19,15.0,Cloudy,True,80.55,Winter,167.2
2023-12-24,2023-12-29,S001,P0085,Electronics,East,78.05,0.0,Cloudy,False,80.18,Winter,99.75
2023-12-24,2023-12-29,S001,P0068,Electronics,East,22.16,0.0,Rainy,False,20.58,Winter,118.43
2023-12-24,2023-12-29,S001,P0126,Clothing,East,21.37,10.0,Snowy,False,19.61,Winter,116.84
2023-12-24,2023-12-29,S001,P0133,Clothing,East,50.32,10.0,Rainy,False,50.06,Winter,126.18
2023-12-24,2023-12-29,S002,P0096,Toys,West,44.95,0.0,Snowy,True,47.73,Winter,102.69
2023-12-24,2023-12-29,S002,P0016,Clothing,West,90.75,20.0,Cloudy,True,85.15,Winter,173.69
2023-12-24,2023-12-29,S002,P0031,Electronics,West,75.7,0.0,Snowy,False,82.92,Winter,96.87
2023-12-24,2023-12-29,S002,P0159,Electronics,West,11.34,10.0,Sunny,False,11.92,Winter,133.36
2023-12-24,2023-12-29,S002,P0129,Furniture,West,67.43,15.0,Sunny,False,68.37,Winter,146.11
2023-12-24,2023-12-29,S002,P0116,Furniture,West,24.47,0.0,Sunny,False,26.1,Winter,122.48
2023-12-24,2023-12-29,S002,P0070,Electronics,West,29.41,0.0,Rainy,True,27.28,Winter,94.0
2023-12-24,2023-12-29,S002,P0171,Electronics,West,65.61,0.0,Snowy,False,61.18,Winter,96.14
2023-12-24,2023-12-29,S002,P0175,Electronics,West,42.58,10.0,Sunny,False,41.1,Winter,58.98
2023-12-24,2023-12-29,S002,P0046,Clothing,West,95.58,15.0,Snowy,False,92.88,Winter,145.01
2023-12-24,2023-12-29,S002,P0067,Furniture,West,22.11,10.0,Sunny,False,22.76,Winter,161.42
2023-12-24,2023-12-29,S002,P0183,Electronics,West,63.36,10.0,Sunny,False,59.04,Winter,50.47
2023-12-24,2023-12-29,S002,P0166,Groceries,West,50.04,20.0,Sunny,False,48.83,Winter,88.22
2023-12-24,2023-12-29,S002,P0079,Furniture,West,15.55,10.0,Snowy,False,16.64,Winter,67.23
2023-12-24,2023-12-29,S002,P0187,Clothing,West,24.56,0.0,Cloudy,False,24.47,Winter,115.9
2023-12-24,2023-12-29,S002,P0178,Clothing,West,81.05,20.0,Cloudy,False,81.7,Winter,103.75
2023-12-24,2023-12-29,S002,P0057,Clothing,West,46.02,5.0,Rainy,False,48.78,Winter,160.19
2023-12-24,2023-12-29,S002,P0153,Furniture,West,29.85,5.0,Sunny,False,32.42,Winter,161.47
2023-12-24,2023-12-29,S002,P0083,Toys,West,12.31,5.0,Sunny,False,12.01,Winter,141.82
2023-12-24,2023-12-29,S002,P0069,Clothing,West,94.9,10.0,Cloudy,True,94.99,Winter,59.87
2023-12-24,2023-12-29,S002,P0125,Clothing,West,97.73,0.0,Rainy,False,107.28,Winter,126.11
2023-12-24,2023-12-29,S002,P0017,Toys,West,85.9,5.0,Cloudy,False,79.98,Winter,154.73
2023-12-24,2023-12-29,S002,P0149,Furniture,West,80.94,10.0,Sunny,False,86.06,Winter,15.29
2023-12-24,2023-12-29,S002,P0094,Groceries,West,99.0,5.0,Cloudy,False,95.14,Winter,57.82
2023-12-24,2023-12-29,S002,P0066,Clothing,West,41.37,0.0,Cloudy,False,45.45,Winter,142.5
2023-12-24,2023-12-29,S002,P0061,Clothing,West,59.92,0.0,Snowy,False,61.16,Winter,81.41
2023-12-24,2023-12-29,S002,P0085,Electronics,West,36.69,10.0,Cloudy,False,39.08,Winter,132.69
2023-12-24,2023-12-29,S002,P0068,Electronics,West,12.26,0.0,Snowy,False,12.79,Winter,127.63
2023-12-24,2023-12-29,S002,P0126,Clothing,West,82.51,0.0,Rainy,False,80.38,Winter,103.76
2023-12-24,2023-12-29,S002,P0133,Clothing,West,87.78,5.0,Cloudy,False,83.65,Winter,212.84
2023-12-24,2023-12-29,S003,P0096,Toys,North,84.18,10.0,Snowy,False,85.73,Winter,92.53
2023-12-24,2023-12-29,S003,P0016,Clothing,North,88.69,20.0,Sunny,False,96.13,Winter,126.72
2023-12-24,2023-12-29,S003,P0031,Electronics,North,68.35,20.0,Cloudy,False,74.76,Winter,51.96
2023-12-24,2023-12-29,S003,P0159,Electronics,North,16.74,10.0,Cloudy,False,18.02,Winter,131.9
2023-12-24,2023-12-29,S003,P0129,Furniture,North,20.81,10.0,Rainy,False,19.61,Winter,136.37
2023-12-24,2023-12-29,S003,P0116,Furniture,North,94.57,0.0,Snowy,True,101.34,Winter,95.05
2023-12-24,2023-12-29,S003,P0070,Electronics,North,18.5,10.0,Sunny,False,18.02,Winter,80.39
2023-12-24,2023-12-29,S003,P0171,Electronics,North,85.49,0.0,Cloudy,False,84.95,Winter,75.59
2023-12-24,2023-12-29,S003,P0175,Electronics,North,78.68,5.0,Rainy,False,75.76,Winter,55.92
2023-12-24,2023-12-29,S003,P0046,Clothing,North,20.95,10.0,Sunny,False,20.69,Winter,101.75
2023-12-24,2023-12-29,S003,P0067,Furniture,North,46.54,10.0,Sunny,False,45.5,Winter,76.57
2023-12-24,2023-12-29,S003,P0183,Electronics,North,86.71,0.0,Snowy,True,92.52,Winter,218.16
2023-12-24,2023-12-29,S003,P0166,Groceries,North,25.77,15.0,Cloudy,False,24.63,Winter,138.12
2023-12-24,2023-12-29,S003,P0079,Furniture,North,17.92,10.0,Cloudy,False,19.1,Winter,159.32
2023-12-24,2023-12-29,S003,P0187,Clothing,North,79.98,15.0,Sunny,False,75.1,Winter,119.38
2023-12-24,2023-12-29,S003,P0178,Clothing,North,72.49,20.0,Sunny,False,69.65,Winter,165.39
2023-12-24,2023-12-29,S003,P0057,Clothing,North,16.03,10.0,Sunny,False,14.97,Winter,132.65
2023-12-24,2023-12-29,S003,P0153,Furniture,North,79.46,0.0,Sunny,False,76.25,Winter,147.96
2023-12-24,2023-12-29,S003,P0083,Toys,North,16.68,5.0,Sunny,False,16.92,Winter,76.54
2023-12-24,2023-12-29,S003,P0069,Clothing,North,81.47,5.0,Rainy,False,83.62,Winter,124.56
2023-12-24,2023-12-29,S003,P0125,Clothing,North,49.87,10.0,Cloudy,False,51.16,Winter,167.9
2023-12-24,2023-12-29,S003,P0017,Toys,North,27.3,0.0,Rainy,False,25.45,Winter,133.98
2023-12-24,2023-12-29,S003,P0149,Furniture,North,57.91,15.0,Rainy,False,61.62,Winter,105.25
2023-12-24,2023-12-29,S003,P0094,Groceries,North,28.88,15.0,Rainy,False,26.04,Winter,139.32
2023-12-24,2023-12-29,S003,P0066,Clothing,North,80.31,5.0,Sunny,False,80.73,Winter,131.98
2023-12-24,2023-12-29,S003,P0061,Clothing,North,66.17,10.0,Cloudy,True,70.37,Winter,93.75
2023-12-24,2023-12-29,S003,P0085,Electronics,North,90.55,5.0,Cloudy,False,91.24,Winter,56.56
2023-12-24,2023-12-29,S003,P0068,Electronics,North,79.57,10.0,Rainy,True,83.96,Winter,112.77
2023-12-24,2023-12-29,S003,P0126,Clothing,North,85.69,0.0,Sunny,False,82.02,Winter,128.27
2023-12-24,2023-12-29,S003,P0133,Clothing,North,43.5,5.0,Sunny,False,44.5,Winter,170.26
2023-12-24,2023-12-29,S004,P0096,Toys,South,65.81,5.0,Rainy,False,69.44,Winter,57.18
2023-12-24,2023-12-29,S004,P0016,Clothing,South,38.79,0.0,Cloudy,False,38.5,Winter,67.85
2023-12-24,2023-12-29,S004,P0031,Electronics,South,72.09,0.0,Sunny,False,70.56,Winter,131.75
2023-12-24,2023-12-29,S004,P0159,Electronics,South,18.17,10.0,Rainy,False,19.92,Winter,112.23
2023-12-24,2023-12-29,S004,P0129,Furniture,South,49.25,10.0,Sunny,False,46.29,Winter,85.47
2023-12-24,2023-12-29,S004,P0116,Furniture,South,94.69,0.0,Sunny,False,86.7,Winter,129.28
2023-12-24,2023-12-29,S004,P0070,Electronics,South,17.81,15.0,Sunny,False,18.33,Winter,102.41
2023-12-24,2023-12-29,S004,P0171,Electronics,South,30.42,10.0,Rainy,False,30.92,Winter,138.03
2023-12-24,2023-12-29,S004,P0175,Electronics,South,84.51,15.0,Rainy,False,82.58,Winter,49.65
2023-12-24,2023-12-29,S004,P0046,Clothing,South,82.54,5.0,Snowy,False,81.67,Winter,147.62
2023-12-24,2023-12-29,S004,P0067,Furniture,South,88.38,5.0,Sunny,False,91.93,Winter,45.65
2023-12-24,2023-12-29,S004,P0183,Electronics,South,45.03,0.0,Snowy,False,46.38,Winter,104.56
2023-12-24,2023-12-29,S004,P0166,Groceries,South,54.57,10.0,Snowy,False,55.49,Winter,136.63
2023-12-24,2023-12-29,S004,P0079,Furniture,South,30.85,0.0,Rainy,False,30.24,Winter,91.8
2023-12-24,2023-12-29,S004,P0187,Clothing,South,72.31,10.0,Sunny,False,72.54,Winter,143.92
2023-12-24,2023-12-29,S004,P0178,Clothing,South,15.73,15.0,Snowy,False,17.09,Winter,189.38
2023-12-24,2023-12-29,S004,P0057,Clothing,South,66.76,5.0,Snowy,False,70.65,Winter,169.58
2023-12-24,2023-12-29,S004,P0153,Furniture,South,80.27,0.0,Cloudy,False,75.85,Winter,94.75
2023-12-24,2023-12-29,S004,P0083,Toys,South,78.04,10.0,Sunny,False,78.91,Winter,129.5
2023-12-24,2023-12-29,S004,P0069,Clothing,South,49.92,5.0,Sunny,False,46.61,Winter,56.62
2023-12-24,2023-12-29,S004,P0125,Clothing,South,49.52,0.0,Snowy,False,45.77,Winter,163.32
2023-12-24,2023-12-29,S004,P0017,Toys,South,21.56,0.0,Rainy,False,21.56,Winter,87.74
2023-12-24,2023-12-29,S004,P0149,Furniture,South,95.09,10.0,Sunny,False,95.51,Winter,48.53
2023-12-24,2023-12-29,S004,P0094,Groceries,South,86.63,10.0,Rainy,True,81.06,Winter,136.2
2023-12-24,2023-12-29,S004,P0066,Clothing,South,88.12,10.0,Cloudy,True,91.37,Winter,189.48
2023-12-24,2023-12-29,S004,P0061,Clothing,South,43.04,15.0,Sunny,False,45.26,Winter,106.93
2023-12-24,2023-12-29,S004,P0085,Electronics,South,11.18,10.0,Cloudy,False,11.34,Winter,84.66
2023-12-24,2023-12-29,S004,P0068,Electronics,South,18.39,15.0,Sunny,False,17.77,Winter,115.55
2023-12-24,2023-12-29,S004,P0126,Clothing,South,18.15,0.0,Rainy,False,19.48,Winter,77.65
2023-12-24,2023-12-29,S004,P0133,Clothing,South,24.23,0.0,Sunny,False,25.15,Winter,80.91
2023-12-24,2023-12-29,S005,P0096,Toys,West,87.13,10.0,Sunny,True,88.05,Winter,110.24
2023-12-24,2023-12-29,S005,P0016,Clothing,West,98.0,10.0,Rainy,False,98.68,Winter,134.05
2023-12-24,2023-12-29,S005,P0031,Electronics,West,64.13,0.0,Rainy,False,59.5,Winter,48.05
2023-12-24,2023-12-29,S005,P0159,Electronics,West,47.96,10.0,Snowy,True,50.65,Winter,105.46
2023-12-24,2023-12-29,S005,P0129,Furniture,West,92.23,0.0,Rainy,False,91.03,Winter,68.52
2023-12-24,2023-12-29,S005,P0116,Furniture,West,35.52,10.0,Cloudy,False,32.65,Winter,57.48
2023-12-24,2023-12-29,S005,P0070,Electronics,West,75.58,15.0,Rainy,False,72.68,Winter,109.63
2023-12-24,2023-12-29,S005,P0171,Electronics,West,85.88,0.0,Sunny,False,86.72,Winter,129.74
2023-12-24,2023-12-29,S005,P0175,Electronics,West,17.9,10.0,Rainy,False,18.44,Winter,79.62
2023-12-24,2023-12-29,S005,P0046,Clothing,West,46.22,5.0,Cloudy,False,44.06,Winter,74.95
2023-12-24,2023-12-29,S005,P0067,Furniture,West,82.55,20.0,Sunny,False,87.55,Winter,102.1
2023-12-24,2023-12-29,S005,P0183,Electronics,West,24.89,20.0,Rainy,False,26.85,Winter,75.4
2023-12-24,2023-12-29,S005,P0166,Groceries,West,65.47,10.0,Snowy,False,63.54,Winter,46.82
2023-12-24,2023-12-29,S005,P0079,Furniture,West,79.68,0.0,Rainy,False,79.21,Winter,79.35
2023-12-24,2023-12-29,S005,P0187,Clothing,West,33.99,5.0,Cloudy,False,33.35,Winter,114.46
2023-12-24,2023-12-29,S005,P0178,Clothing,West,84.63,5.0,Cloudy,False,88.5,Winter,152.98
2023-12-24,2023-12-29,S005,P0057,Clothing,West,74.09,5.0,Snowy,False,78.94,Winter,179.54
2023-12-24,2023-12-29,S005,P0153,Furniture,West,36.8,0.0,Rainy,False,33.62,Winter,135.63
2023-12-24,2023-12-29,S005,P0083,Toys,West,95.21,0.0,Cloudy,True,95.16,Winter,82.48
2023-12-24,2023-12-29,S005,P0069,Clothing,West,84.72,0.0,Cloudy,False,82.31,Winter,121.59
2023-12-24,2023-12-29,S005,P0125,Clothing,West,91.69,0.0,Sunny,False,85.06,Winter,172.52
2023-12-24,2023-12-29,S005,P0017,Toys,West,39.66,10.0,Cloudy,False,38.15,Winter,110.66
2023-12-24,2023-12-29,S005,P0149,Furniture,West,76.05,5.0,Cloudy,False,74.98,Winter,81.22
2023-12-24,2023-12-29,S005,P0094,Groceries,West,50.15,0.0,Cloudy,False,46.9,Winter,126.47
2023-12-24,2023-12-29,S005,P0066,Clothing,West,44.75,0.0,Sunny,False,47.88,Winter,112.81
2023-12-24,2023-12-29,S005,P0061,Clothing,West,72.18,0.0,Rainy,False,74.27,Winter,153.32
2023-12-24,2023-12-29,S005,P0085,Electronics,West,54.78,0.0,Rainy,False,59.2,Winter,98.19
2023-12-24,2023-12-29,S005,P0068,Electronics,West,31.11,15.0,Sunny,False,28.24,Winter,132.19
2023-12-24,2023-12-29,S005,P0126,Clothing,West,96.54,10.0,Sunny,False,89.51,Winter,167.92
2023-12-24,2023-12-29,S005,P0133,Clothing,West,38.37,5.0,Rainy,False,37.66,Winter,189.39
2023-12-24,2023-12-30,S001,P0096,Toys,East,42.7,0.0,Snowy,False,45.61,Winter,101.17
2023-12-24,2023-12-30,S001,P0016,Clothing,East,67.08,20.0,Snowy,False,69.15,Winter,168.97
2023-12-24,2023-12-30,S001,P0031,Electronics,East,39.08,5.0,Sunny,False,41.08,Winter,85.51
2023-12-24,2023-12-30,S001,P0159,Electronics,East,35.18,5.0,Cloudy,False,37.7,Winter,100.46
2023-12-24,2023-12-30,S001,P0129,Furniture,East,32.25,0.0,Sunny,False,35.02,Winter,159.68
2023-12-24,2023-12-30,S001,P0116,Furniture,East,78.89,20.0,Rainy,False,77.01,Winter,114.09
2023-12-24,2023-12-30,S001,P0070,Electronics,East,91.56,20.0,Rainy,False,91.8,Winter,58.63
2023-12-24,2023-12-30,S001,P0171,Electronics,East,83.69,10.0,Snowy,True,86.63,Winter,43.65
2023-12-24,2023-12-30,S001,P0175,Electronics,East,40.69,0.0,Rainy,True,36.84,Winter,68.02
2023-12-24,2023-12-30,S001,P0046,Clothing,East,19.05,15.0,Snowy,True,18.45,Winter,18.37
2023-12-24,2023-12-30,S001,P0067,Furniture,East,84.85,10.0,Snowy,False,84.75,Winter,128.99
2023-12-24,2023-12-30,S001,P0183,Electronics,East,78.52,10.0,Cloudy,True,77.49,Winter,198.72
2023-12-24,2023-12-30,S001,P0166,Groceries,East,63.43,0.0,Cloudy,False,60.05,Winter,17.69
2023-12-24,2023-12-30,S001,P0079,Furniture,East,33.54,5.0,Sunny,False,35.64,Winter,120.97
2023-12-24,2023-12-30,S001,P0187,Clothing,East,93.14,0.0,Snowy,False,85.39,Winter,168.73
2023-12-24,2023-12-30,S001,P0178,Clothing,East,89.43,20.0,Rainy,True,97.1,Winter,124.51
2023-12-24,2023-12-30,S001,P0057,Clothing,East,43.69,0.0,Rainy,False,42.41,Winter,159.35
2023-12-24,2023-12-30,S001,P0153,Furniture,East,85.3,15.0,Sunny,False,79.09,Winter,64.39
2023-12-24,2023-12-30,S001,P0083,Toys,East,29.94,0.0,Sunny,False,29.6,Winter,119.45
2023-12-24,2023-12-30,S001,P0069,Clothing,East,34.34,0.0,Snowy,False,34.38,Winter,130.76
2023-12-24,2023-12-30,S001,P0125,Clothing,East,79.58,0.0,Cloudy,False,81.81,Winter,106.63
2023-12-24,2023-12-30,S001,P0017,Toys,East,74.1,20.0,Snowy,False,75.72,Winter,211.16
2023-12-24,2023-12-30,S001,P0149,Furniture,East,84.35,5.0,Snowy,False,76.9,Winter,91.39
2023-12-24,2023-12-30,S001,P0094,Groceries,East,86.34,10.0,Rainy,False,91.54,Winter,67.96
2023-12-24,2023-12-30,S001,P0066,Clothing,East,92.68,0.0,Cloudy,False,93.36,Winter,102.94
2023-12-24,2023-12-30,S001,P0061,Clothing,East,83.49,5.0,Rainy,False,77.71,Winter,154.27
2023-12-24,2023-12-30,S001,P0085,Electronics,East,64.33,5.0,Sunny,True,66.98,Winter,160.21
2023-12-24,2023-12-30,S001,P0068,Electronics,East,15.9,0.0,Rainy,True,16.57,Winter,97.11
2023-12-24,2023-12-30,S001,P0126,Clothing,East,24.25,10.0,Snowy,False,22.21,Winter,149.7
2023-12-24,2023-12-30,S001,P0133,Clothing,East,45.25,5.0,Sunny,False,49.74,Winter,142.62
2023-12-24,2023-12-30,S002,P0096,Toys,West,66.91,15.0,Rainy,False,60.44,Winter,103.92
2023-12-24,2023-12-30,S002,P0016,Clothing,West,70.12,10.0,Rainy,False,68.1,Winter,184.54
2023-12-24,2023-12-30,S002,P0031,Electronics,West,35.92,5.0,Sunny,False,38.42,Winter,33.77
2023-12-24,2023-12-30,S002,P0159,Electronics,West,20.4,15.0,Rainy,False,21.13,Winter,103.72
2023-12-24,2023-12-30,S002,P0129,Furniture,West,60.76,0.0,Cloudy,False,64.17,Winter,56.05
2023-12-24,2023-12-30,S002,P0116,Furniture,West,31.1,10.0,Sunny,False,32.99,Winter,126.18
2023-12-24,2023-12-30,S002,P0070,Electronics,West,52.34,0.0,Snowy,False,55.74,Winter,117.78
2023-12-24,2023-12-30,S002,P0171,Electronics,West,44.77,0.0,Sunny,False,47.52,Winter,170.4
2023-12-24,2023-12-30,S002,P0175,Electronics,West,82.36,0.0,Sunny,False,83.59,Winter,91.61
2023-12-24,2023-12-30,S002,P0046,Clothing,West,76.62,15.0,Rainy,False,77.91,Winter,166.34
2023-12-24,2023-12-30,S002,P0067,Furniture,West,47.12,10.0,Rainy,False,51.38,Winter,79.08
2023-12-24,2023-12-30,S002,P0183,Electronics,West,18.62,0.0,Sunny,False,18.15,Winter,103.02
2023-12-24,2023-12-30,S002,P0166,Groceries,West,23.94,0.0,Rainy,True,23.3,Winter,135.94
2023-12-24,2023-12-30,S002,P0079,Furniture,West,81.59,10.0,Cloudy,True,80.05,Winter,40.65
2023-12-24,2023-12-30,S002,P0187,Clothing,West,11.61,10.0,Cloudy,False,12.09,Winter,102.82
2023-12-24,2023-12-30,S002,P0178,Clothing,West,40.04,0.0,Rainy,True,39.86,Winter,258.71
2023-12-24,2023-12-30,S002,P0057,Clothing,West,64.19,0.0,Rainy,False,67.87,Winter,172.93
2023-12-24,2023-12-30,S002,P0153,Furniture,West,98.87,0.0,Snowy,False,101.42,Winter,32.26
2023-12-24,2023-12-30,S002,P0083,Toys,West,19.1,20.0,Rainy,False,17.67,Winter,47.02
2023-12-24,2023-12-30,S002,P0069,Clothing,West,29.95,10.0,Rainy,False,27.69,Winter,106.11
2023-12-24,2023-12-30,S002,P0125,Clothing,West,30.1,15.0,Snowy,True,29.04,Winter,241.66
2023-12-24,2023-12-30,S002,P0017,Toys,West,75.71,10.0,Cloudy,False,72.33,Winter,91.22
2023-12-24,2023-12-30,S002,P0149,Furniture,West,58.25,10.0,Sunny,False,58.31,Winter,72.03
2023-12-24,2023-12-30,S002,P0094,Groceries,West,59.4,15.0,Rainy,False,54.44,Winter,100.04
2023-12-24,2023-12-30,S002,P0066,Clothing,West,38.02,0.0,Rainy,False,36.05,Winter,129.91
2023-12-24,2023-12-30,S002,P0061,Clothing,West,74.31,0.0,Cloudy,False,67.13,Winter,233.08
2023-12-24,2023-12-30,S002,P0085,Electronics,West,20.09,20.0,Rainy,False,19.85,Winter,74.11
2023-12-24,2023-12-30,S002,P0068,Electronics,West,93.34,10.0,Cloudy,True,95.83,Winter,168.82
2023-12-24,2023-12-30,S002,P0126,Clothing,West,34.27,20.0,Rainy,False,37.4,Winter,96.45
2023-12-24,2023-12-30,S002,P0133,Clothing,West,75.09,5.0,Cloudy,False,68.61,Winter,160.18
2023-12-24,2023-12-30,S003,P0096,Toys,North,15.24,0.0,Sunny,False,15.1,Winter,99.24
2023-12-24,2023-12-30,S003,P0016,Clothing,North,64.05,20.0,Sunny,False,61.53,Winter,0.0
2023-12-24,2023-12-30,S003,P0031,Electronics,North,66.56,15.0,Rainy,True,72.48,Winter,151.75
2023-12-24,2023-12-30,S003,P0159,Electronics,North,85.47,0.0,Cloudy,False,81.35,Winter,111.42
2023-12-24,2023-12-30,S003,P0129,Furniture,North,12.68,10.0,Sunny,False,13.24,Winter,97.99
2023-12-24,2023-12-30,S003,P0116,Furniture,North,83.1,5.0,Snowy,False,78.86,Winter,111.83
2023-12-24,2023-12-30,S003,P0070,Electronics,North,24.1,0.0,Cloudy,False,23.42,Winter,97.4
2023-12-24,2023-12-30,S003,P0171,Electronics,North,94.69,10.0,Rainy,False,87.04,Winter,74.75
2023-12-24,2023-12-30,S003,P0175,Electronics,North,12.73,5.0,Sunny,True,12.17,Winter,125.88
2023-12-24,2023-12-30,S003,P0046,Clothing,North,91.26,15.0,Sunny,False,90.99,Winter,137.8
2023-12-24,2023-12-30,S003,P0067,Furniture,North,73.86,0.0,Cloudy,True,74.65,Winter,113.35
2023-12-24,2023-12-30,S003,P0183,Electronics,North,76.04,10.0,Cloudy,False,78.57,Winter,116.88
2023-12-24,2023-12-30,S003,P0166,Groceries,North,18.86,15.0,Sunny,False,18.37,Winter,140.96
2023-12-24,2023-12-30,S003,P0079,Furniture,North,58.15,15.0,Snowy,False,59.43,Winter,45.6
2023-12-24,2023-12-30,S003,P0187,Clothing,North,91.89,15.0,Rainy,False,83.74,Winter,186.25
2023-12-24,2023-12-30,S003,P0178,Clothing,North,65.93,0.0,Sunny,False,64.69,Winter,204.55
2023-12-24,2023-12-30,S003,P0057,Clothing,North,21.44,10.0,Cloudy,False,19.55,Winter,98.16
2023-12-24,2023-12-30,S003,P0153,Furniture,North,11.39,10.0,Rainy,False,12.22,Winter,106.72
2023-12-24,2023-12-30,S003,P0083,Toys,North,49.42,0.0,Cloudy,False,45.09,Winter,90.14
2023-12-24,2023-12-30,S003,P0069,Clothing,North,16.23,10.0,Snowy,False,17.74,Winter,196.74
2023-12-24,2023-12-30,S003,P0125,Clothing,North,49.59,0.0,Cloudy,True,49.39,Winter,84.4
2023-12-24,2023-12-30,S003,P0017,Toys,North,96.97,0.0,Cloudy,False,92.94,Winter,105.64
2023-12-24,2023-12-30,S003,P0149,Furniture,North,58.73,20.0,Snowy,False,64.31,Winter,42.77
2023-12-24,2023-12-30,S003,P0094,Groceries,North,35.24,10.0,Rainy,False,33.12,Winter,69.31
2023-12-24,2023-12-30,S003,P0066,Clothing,North,21.64,0.0,Cloudy,True,22.81,Winter,249.65
2023-12-24,2023-12-30,S003,P0061,Clothing,North,67.19,0.0,Rainy,False,65.37,Winter,151.74
2023-12-24,2023-12-30,S003,P0085,Electronics,North,44.05,10.0,Snowy,True,45.44,Winter,126.59
2023-12-24,2023-12-30,S003,P0068,Electronics,North,87.13,0.0,Rainy,False,83.6,Winter,96.21
2023-12-24,2023-12-30,S003,P0126,Clothing,North,47.53,0.0,Rainy,False,48.31,Winter,167.47
2023-12-24,2023-12-30,S003,P0133,Clothing,North,25.98,15.0,Snowy,False,26.24,Winter,137.9
2023-12-24,2023-12-30,S004,P0096,Toys,South,35.48,0.0,Sunny,False,36.03,Winter,117.05
2023-12-24,2023-12-30,S004,P0016,Clothing,South,52.11,10.0,Snowy,False,54.77,Winter,90.97
2023-12-24,2023-12-30,S004,P0031,Electronics,South,79.53,15.0,Sunny,False,72.34,Winter,123.61
2023-12-24,2023-12-30,S004,P0159,Electronics,South,37.27,5.0,Rainy,False,34.81,Winter,110.25
2023-12-24,2023-12-30,S004,P0129,Furniture,South,67.45,15.0,Sunny,True,66.5,Winter,69.26
2023-12-24,2023-12-30,S004,P0116,Furniture,South,18.82,5.0,Snowy,False,19.52,Winter,85.44
2023-12-24,2023-12-30,S004,P0070,Electronics,South,84.89,15.0,Cloudy,False,88.79,Winter,120.71
2023-12-24,2023-12-30,S004,P0171,Electronics,South,51.17,5.0,Cloudy,False,50.87,Winter,121.87
2023-12-24,2023-12-30,S004,P0175,Electronics,South,14.96,15.0,Rainy,False,16.16,Winter,80.63
2023-12-24,2023-12-30,S004,P0046,Clothing,South,12.63,5.0,Snowy,False,13.5,Winter,86.97
2023-12-24,2023-12-30,S004,P0067,Furniture,South,85.16,5.0,Snowy,True,83.42,Winter,112.48
2023-12-24,2023-12-30,S004,P0183,Electronics,South,25.63,5.0,Snowy,True,25.55,Winter,170.78
2023-12-24,2023-12-30,S004,P0166,Groceries,South,89.11,15.0,Rainy,False,96.27,Winter,96.29
2023-12-24,2023-12-30,S004,P0079,Furniture,South,97.31,10.0,Cloudy,False,91.39,Winter,132.63
2023-12-24,2023-12-30,S004,P0187,Clothing,South,34.57,10.0,Rainy,False,31.89,Winter,158.01
2023-12-24,2023-12-30,S004,P0178,Clothing,South,74.55,5.0,Snowy,False,70.6,Winter,113.78
2023-12-24,2023-12-30,S004,P0057,Clothing,South,44.25,15.0,Sunny,False,45.72,Winter,167.65
2023-12-24,2023-12-30,S004,P0153,Furniture,South,40.08,10.0,Cloudy,False,36.43,Winter,154.96
2023-12-24,2023-12-30,S004,P0083,Toys,South,86.18,20.0,Snowy,False,89.69,Winter,116.63
2023-12-24,2023-12-30,S004,P0069,Clothing,South,47.87,5.0,Snowy,False,48.56,Winter,97.86
2023-12-24,2023-12-30,S004,P0125,Clothing,South,70.03,10.0,Rainy,False,68.64,Winter,158.18
2023-12-24,2023-12-30,S004,P0017,Toys,South,45.13,10.0,Sunny,False,43.65,Winter,79.45
2023-12-24,2023-12-30,S004,P0149,Furniture,South,76.48,10.0,Rainy,False,72.94,Winter,80.14
2023-12-24,2023-12-30,S004,P0094,Groceries,South,34.71,15.0,Rainy,True,33.1,Winter,92.22
2023-12-24,2023-12-30,S004,P0066,Clothing,South,22.48,15.0,Cloudy,False,20.41,Winter,156.72
2023-12-24,2023-12-30,S004,P0061,Clothing,South,96.76,20.0,Sunny,False,87.27,Winter,156.46
2023-12-24,2023-12-30,S004,P0085,Electronics,South,25.71,5.0,Sunny,False,27.27,Winter,113.02
2023-12-24,2023-12-30,S004,P0068,Electronics,South,52.15,10.0,Sunny,False,47.84,Winter,153.51
2023-12-24,2023-12-30,S004,P0126,Clothing,South,61.32,15.0,Sunny,False,63.52,Winter,190.12
2023-12-24,2023-12-30,S004,P0133,Clothing,South,25.54,5.0,Snowy,False,23.63,Winter,153.62
2023-12-24,2023-12-30,S005,P0096,Toys,West,15.19,0.0,Snowy,False,14.17,Winter,103.98
2023-12-24,2023-12-30,S005,P0016,Clothing,West,48.29,10.0,Snowy,False,46.09,Winter,139.78
2023-12-24,2023-12-30,S005,P0031,Electronics,West,28.82,10.0,Rainy,False,31.03,Winter,121.99
2023-12-24,2023-12-30,S005,P0159,Electronics,West,91.79,20.0,Snowy,True,90.04,Winter,97.86
2023-12-24,2023-12-30,S005,P0129,Furniture,West,55.14,0.0,Rainy,False,59.2,Winter,82.99
2023-12-24,2023-12-30,S005,P0116,Furniture,West,24.28,20.0,Rainy,True,26.08,Winter,162.28
2023-12-24,2023-12-30,S005,P0070,Electronics,West,51.8,5.0,Snowy,False,55.13,Winter,82.69
2023-12-24,2023-12-30,S005,P0171,Electronics,West,37.93,10.0,Cloudy,False,39.1,Winter,81.5
2023-12-24,2023-12-30,S005,P0175,Electronics,West,38.88,5.0,Cloudy,False,38.91,Winter,89.24
2023-12-24,2023-12-30,S005,P0046,Clothing,West,32.93,10.0,Snowy,False,34.89,Winter,119.22
2023-12-24,2023-12-30,S005,P0067,Furniture,West,17.39,15.0,Snowy,True,16.05,Winter,180.85
2023-12-24,2023-12-30,S005,P0183,Electronics,West,54.63,0.0,Snowy,False,53.78,Winter,157.91
2023-12-24,2023-12-30,S005,P0166,Groceries,West,61.4,10.0,Rainy,False,65.45,Winter,79.49
2023-12-24,2023-12-30,S005,P0079,Furniture,West,20.72,5.0,Snowy,False,21.96,Winter,109.29
2023-12-24,2023-12-30,S005,P0187,Clothing,West,84.11,15.0,Sunny,False,80.47,Winter,178.73
2023-12-24,2023-12-30,S005,P0178,Clothing,West,92.1,10.0,Rainy,False,96.79,Winter,190.94
2023-12-24,2023-12-30,S005,P0057,Clothing,West,49.09,10.0,Rainy,False,52.74,Winter,155.88
2023-12-24,2023-12-30,S005,P0153,Furniture,West,27.07,5.0,Sunny,False,29.42,Winter,101.28
2023-12-24,2023-12-30,S005,P0083,Toys,West,80.54,0.0,Snowy,False,82.0,Winter,117.41
2023-12-24,2023-12-30,S005,P0069,Clothing,West,21.83,0.0,Sunny,False,23.31,Winter,146.92
2023-12-24,2023-12-30,S005,P0125,Clothing,West,18.18,15.0,Snowy,True,19.72,Winter,97.41
2023-12-24,2023-12-30,S005,P0017,Toys,West,57.71,10.0,Snowy,False,60.68,Winter,67.63
2023-12-24,2023-12-30,S005,P0149,Furniture,West,76.48,10.0,Snowy,False,76.95,Winter,129.32
2023-12-24,2023-12-30,S005,P0094,Groceries,West,49.2,10.0,Sunny,False,50.95,Winter,117.01
2023-12-24,2023-12-30,S005,P0066,Clothing,West,78.9,5.0,Sunny,True,82.22,Winter,149.73
2023-12-24,2023-12-30,S005,P0061,Clothing,West,92.04,5.0,Sunny,False,83.1,Winter,201.2
2023-12-24,2023-12-30,S005,P0085,Electronics,West,92.07,0.0,Rainy,False,96.96,Winter,57.43
2023-12-24,2023-12-30,S005,P0068,Electronics,West,56.41,5.0,Sunny,True,60.85,Winter,128.7
2023-12-24,2023-12-30,S005,P0126,Clothing,West,75.28,0.0,Cloudy,False,77.72,Winter,134.89
2023-12-24,2023-12-30,S005,P0133,Clothing,West,99.93,0.0,Sunny,False,108.27,Winter,83.81
2023-12-24,2023-12-31,S001,P0096,Toys,East,21.2,10.0,Rainy,False,22.27,Winter,98.23
2023-12-24,2023-12-31,S001,P0016,Clothing,East,40.68,5.0,Rainy,False,41.58,Winter,160.85
2023-12-24,2023-12-31,S001,P0031,Electronics,East,55.7,15.0,Snowy,False,60.78,Winter,106.62
2023-12-24,2023-12-31,S001,P0159,Electronics,East,45.14,20.0,Rainy,True,45.29,Winter,64.0
2023-12-24,2023-12-31,S001,P0129,Furniture,East,30.73,0.0,Cloudy,False,31.75,Winter,134.19
2023-12-24,2023-12-31,S001,P0116,Furniture,East,16.76,10.0,Snowy,True,16.19,Winter,137.79
2023-12-24,2023-12-31,S001,P0070,Electronics,East,72.82,10.0,Rainy,True,79.32,Winter,137.63
2023-12-24,2023-12-31,S001,P0171,Electronics,East,97.12,0.0,Sunny,False,103.79,Winter,95.58
2023-12-24,2023-12-31,S001,P0175,Electronics,East,92.28,0.0,Cloudy,False,94.13,Winter,35.75
2023-12-24,2023-12-31,S001,P0046,Clothing,East,92.05,0.0,Snowy,False,95.41,Winter,154.37
2023-12-24,2023-12-31,S001,P0067,Furniture,East,61.93,0.0,Rainy,False,63.57,Winter,48.25
2023-12-24,2023-12-31,S001,P0183,Electronics,East,43.58,0.0,Cloudy,True,46.18,Winter,147.27
2023-12-24,2023-12-31,S001,P0166,Groceries,East,71.9,10.0,Rainy,False,73.35,Winter,108.49
2023-12-24,2023-12-31,S001,P0079,Furniture,East,22.6,5.0,Rainy,True,21.39,Winter,85.19
2023-12-24,2023-12-31,S001,P0187,Clothing,East,98.68,15.0,Snowy,True,106.97,Winter,174.57
2023-12-24,2023-12-31,S001,P0178,Clothing,East,43.44,0.0,Rainy,False,40.45,Winter,121.29
2023-12-24,2023-12-31,S001,P0057,Clothing,East,34.11,0.0,Sunny,False,35.59,Winter,85.34
2023-12-24,2023-12-31,S001,P0153,Furniture,East,63.24,10.0,Sunny,False,63.24,Winter,133.45
2023-12-24,2023-12-31,S001,P0083,Toys,East,44.63,20.0,Snowy,False,41.34,Winter,92.16
2023-12-24,2023-12-31,S001,P0069,Clothing,East,15.32,5.0,Sunny,False,16.84,Winter,157.3
2023-12-24,2023-12-31,S001,P0125,Clothing,East,12.16,0.0,Cloudy,True,11.22,Winter,214.57
2023-12-24,2023-12-31,S001,P0017,Toys,East,43.53,10.0,Snowy,False,39.22,Winter,135.88
2023-12-24,2023-12-31,S001,P0149,Furniture,East,96.17,5.0,Rainy,False,101.64,Winter,137.24
2023-12-24,2023-12-31,S001,P0094,Groceries,East,97.2,5.0,Cloudy,False,104.84,Winter,142.99
2023-12-24,2023-12-31,S001,P0066,Clothing,East,85.8,0.0,Snowy,False,94.24,Winter,196.6
2023-12-24,2023-12-31,S001,P0061,Clothing,East,35.11,15.0,Rainy,True,33.66,Winter,183.82
2023-12-24,2023-12-31,S001,P0085,Electronics,East,47.14,5.0,Sunny,True,45.76,Winter,59.72
2023-12-24,2023-12-31,S001,P0068,Electronics,East,32.16,0.0,Snowy,False,33.38,Winter,80.5
2023-12-24,2023-12-31,S001,P0126,Clothing,East,61.03,15.0,Sunny,False,62.02,Winter,198.45
2023-12-24,2023-12-31,S001,P0133,Clothing,East,76.23,10.0,Sunny,True,79.24,Winter,250.73
2023-12-24,2023-12-31,S002,P0096,Toys,West,79.63,5.0,Snowy,False,82.33,Winter,56.51
2023-12-24,2023-12-31,S002,P0016,Clothing,West,49.78,0.0,Rainy,False,45.73,Winter,157.8
2023-12-24,2023-12-31,S002,P0031,Electronics,West,38.19,10.0,Rainy,False,40.87,Winter,83.43
2023-12-24,2023-12-31,S002,P0159,Electronics,West,19.56,0.0,Snowy,False,21.41,Winter,124.9
2023-12-24,2023-12-31,S002,P0129,Furniture,West,33.02,10.0,Sunny,False,34.98,Winter,53.28
2023-12-24,2023-12-31,S002,P0116,Furniture,West,67.89,0.0,Snowy,False,62.0,Winter,58.08
2023-12-24,2023-12-31,S002,P0070,Electronics,West,59.44,10.0,Cloudy,False,60.96,Winter,52.58
2023-12-24,2023-12-31,S002,P0171,Electronics,West,78.54,0.0,Rainy,False,78.34,Winter,122.66
2023-12-24,2023-12-31,S002,P0175,Electronics,West,66.92,5.0,Cloudy,False,73.28,Winter,145.71
2023-12-24,2023-12-31,S002,P0046,Clothing,West,75.85,10.0,Snowy,False,75.1,Winter,155.6
2023-12-24,2023-12-31,S002,P0067,Furniture,West,21.01,0.0,Cloudy,True,21.25,Winter,173.36
2023-12-24,2023-12-31,S002,P0183,Electronics,West,10.34,10.0,Cloudy,False,10.44,Winter,105.71
2023-12-24,2023-12-31,S002,P0166,Groceries,West,51.87,5.0,Cloudy,False,54.42,Winter,106.56
2023-12-24,2023-12-31,S002,P0079,Furniture,West,77.15,0.0,Rainy,False,79.36,Winter,78.7
2023-12-24,2023-12-31,S002,P0187,Clothing,West,31.9,10.0,Snowy,False,31.9,Winter,105.57
2023-12-24,2023-12-31,S002,P0178,Clothing,West,49.93,5.0,Sunny,False,50.48,Winter,143.87
2023-12-24,2023-12-31,S002,P0057,Clothing,West,89.56,0.0,Snowy,False,91.67,Winter,167.65
2023-12-24,2023-12-31,S002,P0153,Furniture,West,88.57,10.0,Sunny,False,81.04,Winter,75.0
2023-12-24,2023-12-31,S002,P0083,Toys,West,31.23,10.0,Rainy,True,32.37,Winter,28.51
2023-12-24,2023-12-31,S002,P0069,Clothing,West,45.22,0.0,Snowy,False,46.16,Winter,83.78
2023-12-24,2023-12-31,S002,P0125,Clothing,West,69.36,5.0,Rainy,False,68.81,Winter,105.05
2023-12-24,2023-12-31,S002,P0017,Toys,West,18.07,5.0,Snowy,False,18.15,Winter,134.56
2023-12-24,2023-12-31,S002,P0149,Furniture,West,24.14,0.0,Sunny,False,24.64,Winter,99.37
2023-12-24,2023-12-31,S002,P0094,Groceries,West,44.98,0.0,Cloudy,False,43.01,Winter,94.02
2023-12-24,2023-12-31,S002,P0066,Clothing,West,57.46,0.0,Cloudy,False,59.44,Winter,138.74
2023-12-24,2023-12-31,S002,P0061,Clothing,West,66.75,0.0,Rainy,True,66.9,Winter,147.02
2023-12-24,2023-12-31,S002,P0085,Electronics,West,80.58,10.0,Rainy,False,75.52,Winter,55.36
2023-12-24,2023-12-31,S002,P0068,Electronics,West,86.58,0.0,Rainy,False,90.88,Winter,66.94
2023-12-24,2023-12-31,S002,P0126,Clothing,West,65.78,10.0,Cloudy,False,61.77,Winter,133.55
2023-12-24,2023-12-31,S002,P0133,Clothing,West,97.79,0.0,Snowy,False,89.08,Winter,136.46
2023-12-24,2023-12-31,S003,P0096,Toys,North,27.42,10.0,Snowy,False,26.74,Winter,94.86
2023-12-24,2023-12-31,S003,P0016,Clothing,North,23.83,0.0,Snowy,False,24.99,Winter,132.04
2023-12-24,2023-12-31,S003,P0031,Electronics,North,98.81,0.0,Sunny,False,107.84,Winter,46.5
2023-12-24,2023-12-31,S003,P0159,Electronics,North,72.12,5.0,Cloudy,False,73.9,Winter,124.82
2023-12-24,2023-12-31,S003,P0129,Furniture,North,38.93,20.0,Cloudy,False,42.61,Winter,102.66
2023-12-24,2023-12-31,S003,P0116,Furniture,North,37.17,0.0,Rainy,True,35.0,Winter,72.08
2023-12-24,2023-12-31,S003,P0070,Electronics,North,79.68,0.0,Snowy,True,73.75,Winter,112.57
2023-12-24,2023-12-31,S003,P0171,Electronics,North,16.15,5.0,Sunny,False,14.93,Winter,67.34
2023-12-24,2023-12-31,S003,P0175,Electronics,North,62.78,5.0,Sunny,False,56.56,Winter,72.17
2023-12-24,2023-12-31,S003,P0046,Clothing,North,13.93,10.0,Rainy,False,14.02,Winter,144.64
2023-12-24,2023-12-31,S003,P0067,Furniture,North,40.26,10.0,Snowy,False,38.37,Winter,98.84
2023-12-24,2023-12-31,S003,P0183,Electronics,North,30.06,5.0,Sunny,False,32.29,Winter,114.81
2023-12-24,2023-12-31,S003,P0166,Groceries,North,37.73,0.0,Rainy,False,34.57,Winter,28.46
2023-12-24,2023-12-31,S003,P0079,Furniture,North,69.84,0.0,Cloudy,False,71.87,Winter,68.98
2023-12-24,2023-12-31,S003,P0187,Clothing,North,59.54,5.0,Cloudy,False,64.73,Winter,181.48
2023-12-24,2023-12-31,S003,P0178,Clothing,North,15.77,5.0,Cloudy,False,15.13,Winter,72.23
2023-12-24,2023-12-31,S003,P0057,Clothing,North,24.76,10.0,Rainy,False,25.78,Winter,61.71
2023-12-24,2023-12-31,S003,P0153,Furniture,North,88.53,5.0,Rainy,False,85.2,Winter,73.98
2023-12-24,2023-12-31,S003,P0083,Toys,North,35.77,0.0,Snowy,False,36.29,Winter,115.37
2023-12-24,2023-12-31,S003,P0069,Clothing,North,20.76,10.0,Rainy,False,19.7,Winter,85.61
2023-12-24,2023-12-31,S003,P0125,Clothing,North,36.08,0.0,Cloudy,False,39.21,Winter,154.6
2023-12-24,2023-12-31,S003,P0017,Toys,North,52.56,20.0,Sunny,False,54.05,Winter,153.2
2023-12-24,2023-12-31,S003,P0149,Furniture,North,52.58,20.0,Rainy,False,51.28,Winter,67.79
2023-12-24,2023-12-31,S003,P0094,Groceries,North,60.69,0.0,Sunny,False,64.6,Winter,116.74
2023-12-24,2023-12-31,S003,P0066,Clothing,North,23.25,10.0,Cloudy,False,21.48,Winter,168.1
2023-12-24,2023-12-31,S003,P0061,Clothing,North,97.36,10.0,Snowy,True,94.26,Winter,94.67
2023-12-24,2023-12-31,S003,P0085,Electronics,North,23.19,5.0,Snowy,False,23.91,Winter,95.38
2023-12-24,2023-12-31,S003,P0068,Electronics,North,14.96,5.0,Snowy,False,15.51,Winter,42.96
2023-12-24,2023-12-31,S003,P0126,Clothing,North,41.63,0.0,Cloudy,False,41.48,Winter,228.41
2023-12-24,2023-12-31,S003,P0133,Clothing,North,26.44,20.0,Sunny,False,27.11,Winter,119.83
2023-12-24,2023-12-31,S004,P0096,Toys,South,32.42,15.0,Cloudy,False,29.98,Winter,155.5
2023-12-24,2023-12-31,S004,P0016,Clothing,South,97.8,0.0,Sunny,False,90.61,Winter,179.53
2023-12-24,2023-12-31,S004,P0031,Electronics,South,90.11,15.0,Sunny,True,97.54,Winter,142.79
2023-12-24,2023-12-31,S004,P0159,Electronics,South,14.94,10.0,Sunny,False,14.74,Winter,117.88
2023-12-24,2023-12-31,S004,P0129,Furniture,South,84.48,15.0,Cloudy,True,88.4,Winter,125.32
2023-12-24,2023-12-31,S004,P0116,Furniture,South,14.66,5.0,Sunny,False,13.66,Winter,157.41
2023-12-24,2023-12-31,S004,P0070,Electronics,South,49.43,0.0,Snowy,False,49.53,Winter,86.01
2023-12-24,2023-12-31,S004,P0171,Electronics,South,88.15,0.0,Snowy,False,90.17,Winter,139.6
2023-12-24,2023-12-31,S004,P0175,Electronics,South,56.24,10.0,Rainy,False,57.23,Winter,101.88
2023-12-24,2023-12-31,S004,P0046,Clothing,South,99.15,5.0,Sunny,False,94.83,Winter,177.41
2023-12-24,2023-12-31,S004,P0067,Furniture,South,61.69,0.0,Rainy,False,61.61,Winter,51.7
2023-12-24,2023-12-31,S004,P0183,Electronics,South,11.37,0.0,Rainy,False,11.52,Winter,121.01
2023-12-24,2023-12-31,S004,P0166,Groceries,South,40.96,20.0,Snowy,False,39.9,Winter,76.13
2023-12-24,2023-12-31,S004,P0079,Furniture,South,92.09,0.0,Cloudy,False,90.2,Winter,81.47
2023-12-24,2023-12-31,S004,P0187,Clothing,South,32.89,15.0,Snowy,False,31.56,Winter,121.46
2023-12-24,2023-12-31,S004,P0178,Clothing,South,43.69,5.0,Snowy,False,41.48,Winter,132.63
2023-12-24,2023-12-31,S004,P0057,Clothing,South,21.81,10.0,Rainy,True,20.18,Winter,261.79
2023-12-24,2023-12-31,S004,P0153,Furniture,South,75.57,15.0,Rainy,False,70.93,Winter,87.98
2023-12-24,2023-12-31,S004,P0083,Toys,South,96.28,10.0,Rainy,True,104.64,Winter,91.47
2023-12-24,2023-12-31,S004,P0069,Clothing,South,96.11,20.0,Cloudy,False,104.44,Winter,117.87
2023-12-24,2023-12-31,S004,P0125,Clothing,South,37.27,0.0,Snowy,True,36.77,Winter,188.29
2023-12-24,2023-12-31,S004,P0017,Toys,South,97.11,10.0,Rainy,False,104.76,Winter,108.55
2023-12-24,2023-12-31,S004,P0149,Furniture,South,69.62,15.0,Cloudy,False,71.9,Winter,90.28
2023-12-24,2023-12-31,S004,P0094,Groceries,South,16.84,0.0,Snowy,False,16.87,Winter,136.67
2023-12-24,2023-12-31,S004,P0066,Clothing,South,16.74,0.0,Cloudy,False,15.92,Winter,71.14
2023-12-24,2023-12-31,S004,P0061,Clothing,South,88.55,15.0,Sunny,False,91.93,Winter,58.54
2023-12-24,2023-12-31,S004,P0085,Electronics,South,77.66,10.0,Sunny,True,75.55,Winter,95.83
2023-12-24,2023-12-31,S004,P0068,Electronics,South,33.48,20.0,Rainy,False,35.66,Winter,93.12
2023-12-24,2023-12-31,S004,P0126,Clothing,South,11.38,0.0,Snowy,True,10.99,Winter,72.15
2023-12-24,2023-12-31,S004,P0133,Clothing,South,64.6,5.0,Rainy,False,64.6,Winter,115.02
2023-12-24,2023-12-31,S005,P0096,Toys,West,86.71,5.0,Sunny,False,81.89,Winter,135.48
2023-12-24,2023-12-31,S005,P0016,Clothing,West,55.46,10.0,Cloudy,False,57.09,Winter,198.31
2023-12-24,2023-12-31,S005,P0031,Electronics,West,71.41,0.0,Rainy,False,76.65,Winter,61.83
2023-12-24,2023-12-31,S005,P0159,Electronics,West,46.14,5.0,Sunny,False,42.2,Winter,137.33
2023-12-24,2023-12-31,S005,P0129,Furniture,West,40.03,0.0,Snowy,False,39.68,Winter,127.4
2023-12-24,2023-12-31,S005,P0116,Furniture,West,47.71,10.0,Rainy,True,50.29,Winter,74.51
2023-12-24,2023-12-31,S005,P0070,Electronics,West,44.18,10.0,Sunny,False,44.92,Winter,85.15
2023-12-24,2023-12-31,S005,P0171,Electronics,West,95.94,5.0,Rainy,True,91.92,Winter,151.41
2023-12-24,2023-12-31,S005,P0175,Electronics,West,81.47,0.0,Snowy,False,89.02,Winter,117.47
2023-12-24,2023-12-31,S005,P0046,Clothing,West,41.32,0.0,Rainy,False,40.28,Winter,159.19
2023-12-24,2023-12-31,S005,P0067,Furniture,West,88.42,10.0,Cloudy,False,96.95,Winter,107.05
2023-12-24,2023-12-31,S005,P0183,Electronics,West,90.56,10.0,Rainy,False,87.96,Winter,118.85
2023-12-24,2023-12-31,S005,P0166,Groceries,West,84.27,10.0,Rainy,False,77.01,Winter,125.98
2023-12-24,2023-12-31,S005,P0079,Furniture,West,67.9,10.0,Sunny,False,70.47,Winter,123.52
2023-12-24,2023-12-31,S005,P0187,Clothing,West,44.39,10.0,Sunny,True,40.01,Winter,227.84
2023-12-24,2023-12-31,S005,P0178,Clothing,West,52.98,5.0,Rainy,False,49.56,Winter,156.13
2023-12-24,2023-12-31,S005,P0057,Clothing,West,33.26,20.0,Snowy,False,34.69,Winter,115.05
2023-12-24,2023-12-31,S005,P0153,Furniture,West,22.67,0.0,Sunny,False,22.21,Winter,94.47
2023-12-24,2023-12-31,S005,P0083,Toys,West,18.9,0.0,Sunny,False,18.38,Winter,75.96
2023-12-24,2023-12-31,S005,P0069,Clothing,West,37.28,20.0,Snowy,False,34.9,Winter,153.8
2023-12-24,2023-12-31,S005,P0125,Clothing,West,99.43,5.0,Rainy,False,90.94,Winter,252.62
2023-12-24,2023-12-31,S005,P0017,Toys,West,95.26,10.0,Snowy,False,102.15,Winter,83.61
2023-12-24,2023-12-31,S005,P0149,Furniture,West,80.46,15.0,Sunny,False,84.26,Winter,90.89
2023-12-24,2023-12-31,S005,P0094,Groceries,West,27.18,0.0,Sunny,False,28.72,Winter,46.19
2023-12-24,2023-12-31,S005,P0066,Clothing,West,67.59,10.0,Snowy,False,72.16,Winter,152.14
2023-12-24,2023-12-31,S005,P0061,Clothing,West,94.32,15.0,Sunny,False,93.06,Winter,133.44
2023-12-24,2023-12-31,S005,P0085,Electronics,West,72.6,10.0,Snowy,False,79.16,Winter,91.51
2023-12-24,2023-12-31,S005,P0068,Electronics,West,51.38,0.0,Rainy,False,52.1,Winter,121.82
2023-12-24,2023-12-31,S005,P0126,Clothing,West,90.04,0.0,Sunny,False,85.16,Winter,153.02
2023-12-24,2023-12-31,S005,P0133,Clothing,West,90.71,10.0,Rainy,False,96.85,Winter,171.8
